"Actual","Predicted"
11,49.7119428571428
255,127.271066666667
324,482.754366666667
153,219.484933333333
53,105.975277289377
365,417.243457142857
606,561.866308225108
659,633.627066666666
212,222.024
565,565.744933333334
367,266.4682
345,364.301783333333
288,289.430833333333
585,578.460359530236
517,507.261319262111
346,409.170633333333
452,381.156436549707
402,274.872433333333
553,553.924144300536
17,37.5481818132676
14,21.3674614607163
501,446.6485
15,131.632428571429
320,324.660831812631
435,311.588666666667
462,400.414133333333
349,455.043498653199
13,69.580775
147,176.212990476191
9,145.749552380952
100,364.753811111111
766,739.800031074481
510,500.026425
14,21.3674614607163
472,469.421943439542
436,367.820148484848
272,265.0208
343,335.048547317266
302,298.822766666667
339,325.630266666667
646,645.097819180527
164,177.556215873016
388,360.2431
436,438.734791997607
396,393.423142683983
14,21.3674614607163
44,63.2491761904762
362,279.7111
586,465.393419047619
468,466.724000471616
433,433.766360290283
367,366.540388888889
423,411.0255
507,388.011833333334
354,351.6625
44,43.7416791677747
14,21.3674614607163
450,449.857136363636
468,466.724000471616
426,456.210203801745
83,155.984169298246
14,21.3674614607163
437,434.669085714286
519,516.759338095238
355,396.8442
263,304.476532401656
488,483.366472372072
692,490.655766666667
426,426.049304689392
767,679.3752
565,594.581966666667
570,570.735361904762
3,232.555788888889
122,190.573507692308
53,131.731061475814
341,504.733782350982
297,560.94959047619
359,303.093516666667
20,20.0280076923077
203,247.867666666667
395,403.194066666667
212,444.214166666666
498,469.877054609929
151,152.349364435564
215,205.005466666667
387,374.777760037348
341,438.999331316929
751,714.236166666667
603,554.535935897436
426,426.049304689392
11,53.8442389381454
426,426.049304689392
276,268.720557284236
206,193.269593939394
413,422.548341698842
368,456.732760575858
345,345.65191851664
146,172.136468253968
263,241.858121212121
434,478.939266300367
311,373.6423
566,540.324824358974
350,313.744282539683
393,400.997409523809
326,329.403209467566
214,201.799685353535
434,465.974882828283
361,273.308852849928
426,426.049304689392
195,193.532533936652
304,369.911
208,322.921617948718
455,414.4608
426,426.049304689392
556,470.002133333333
563,495.755133333334
650,637.295695238095
432,402.710166666667
533,425.000833333333
365,366.337759062238
262,267.5518
327,322.675526677571
173,157.062033333333
333,358.424666666667
442,450.724519915601
53,66.1225333333333
260,241.8894
41,150.326133333333
580,478.072868421053
581,580.018024506239
20,20.0280076923077
428,333.875126984127
142,248.982055555555
220,91.8519261904762
355,369.005666666667
232,246.820733333333
260,109.438955555556
456,450.617568699416
89,191.395066666667
97,14.0397059102661
468,526.144966666667
613,599.279810873337
20,149.962166666667
43,43.686946031746
68,93.8539428571428
640,631.120576190476
628,483.605757053619
79,110.609066666667
381,329.068466666667
645,645.603458646617
447,220.164523809524
574,545.5367
18,274.848426043449
345,352.378367778888
673,575.617584920635
287,290.296671428572
276,275.527214018335
332,505.894266666667
425,420.77554047619
49,82.9535652930403
358,355.633444444445
619,675.8518
343,347.099817147667
145,207.253566666667
211,252.920283333333
367,576.147301587301
44,55.4433666666667
382,365.790390909091
306,422.073386021505
677,465.733385714286
376,379.259646813187
130,139.533265890412
246,251.158637545787
14,28.0665169905818
136,138.307917127773
444,417.1772
276,275.527214018335
185,282.391133333333
379,365.138433333333
615,592.896533333333
44,83.4920333333333
426,405.662252193117
293,307.2167
541,570.016328571428
625,594.672016666667
477,481.8124
473,460.138962183706
197,202.967746031746
214,201.799685353535
122,147.353276190476
55,93.7108
17,34.2217393634144
122,144.874933333333
616,616.003
506,485.246983728037
765,609.5948
512,481.285580952381
402,400.555388888889
6,55.6634742424243
146,176.211057142857
386,386.326266666667
616,545.384853127918
425,389.7700677159
559,593.856143650794
327,456.295466758175
479,448.754572871573
64,156.508766666667
111,268.217983333333
314,312.251038095238
559,489.728471428571
289,331.1759
553,516.162646969697
341,343.447148484848
426,426.049304689392
341,326.883511344538
677,600.9337
324,304.3577
395,397.54869969377
378,387.022468881033
51,52.3819666666667
522,517.583894169719
447,441.366776190476
326,327.642010173138
14,21.3674614607163
426,426.049304689392
426,426.049304689392
530,529.085482336669
72,297.3384
493,536.723661904762
506,472.218408008657
442,436.826057142857
136,133.111541844069
264,335.505436813187
426,426.049304689392
375,517.339233333333
27,90.8566666666666
469,437.558655411255
505,497.484650793651
8,50.7099611779055
365,380.478731802256
559,552.950485470086
508,560.409866666667
276,275.527214018335
309,284.1431
472,127.509933333333
426,426.049304689392
361,376.419011764706
12,62.2879218067764
561,640.888585714286
67,134.421777777778
560,585.3429
75,106.398779487179
26,193.748566666667
587,557.7054
543,533.285290476191
365,362.349572075147
326,284.897733333333
426,426.049304689392
637,590.040780952381
473,460.138962183706
458,465.1536
423,423.964652521008
225,263.513886294261
44,45.7714854562056
343,335.048547317266
41,48.4023547619048
426,426.049304689392
553,516.162646969697
440,421.883942857143
173,210.097333333333
417,466.724000471616
154,184.189147619048
403,399.471072222222
386,300.114366666667
60,45.5743604395604
432,411.5992
564,544.248214285714
609,575.951533333333
563,557.160633333333
66,217.707366666667
44,76.9788446608946
74,120.600933333333
566,567.976
744,430.113933333333
51,163.8654
646,630.832026190476
241,511.626468793284
426,426.049304689392
622,603.977914285714
426,426.049304689392
509,500.548955766436
433,433.766360290283
137,173.734142424242
261,214.260322366522
473,499.491406804307
423,402.517451473923
292,283.093333333333
92,106.072678571429
279,285.757966666667
564,506.187266666667
488,483.366472372072
426,426.049304689392
517,508.283738095238
426,426.049304689392
345,345.65191851664
558,425.41585
473,470.143426984127
377,381.487875396825
492,437.5795
582,582.403933333333
367,378.686263170747
80,86.1113571428571
392,394.433387921882
130,135.863943299672
510,539.341044429161
247,487.251606060606
3,85.7801546925566
696,617.857861904762
312,308.228206493507
123,118.873037229437
205,206.607381797287
433,433.766360290283
135,288.581596449457
43,32.8665343323343
166,193.178166666667
246,37.5481818132676
341,581.641696825397
343,335.048547317266
330,326.397732467533
468,467.591320095483
357,358.241498075563
284,286.288
502,423.583
433,433.766360290283
212,91.8663999999999
147,206.111346941947
427,424.379457278322
51,52.3819666666667
212,206.713604473304
76,233.157933333333
478,480.8656
287,323.656986363636
541,539.72161028971
48,141.1769
336,331.09620820712
350,313.744282539683
327,322.703526677571
181,202.407
14,21.3674614607163
588,614.9493
123,106.211974458874
429,407.352037474759
208,235.114063492063
364,365.465729007633
136,133.111541844069
142,193.183802380953
426,426.049304689392
0,63.0611780386281
337,336.461374993634
276,275.527214018335
501,481.474433333333
767,624.545833333334
135,158.51560952381
462,408.7175
77,128.327606349206
296,304.990315656566
630,581.806833333333
449,368.041462698413
0,256.090028011204
662,660.960357142857
284,286.326466666667
461,434.51614496124
68,343.763309523809
473,479.898955411255
415,424.783913095238
345,345.65191851664
183,235.459356565657
209,222.714
340,456.2029
744,660.551066666666
94,127.587414285714
16,118.054682783883
520,515.527995238095
449,467.97338961039
257,293.140317647059
187,170.966475946276
384,382.387598792271
468,457.707235413498
423,269.5198
420,221.719133333333
663,466.784638095238
74,71.865521978022
258,243.750219047619
490,558.096374561403
213,213.970022565017
368,410.609633333333
25,81.0078
241,235.553987878788
522,525.893161038961
353,357.381868460383
336,331.09620820712
232,241.725666666667
367,382.691550996716
501,504.179333333333
426,426.049304689392
14,189.852022954823
397,469.014533333334
73,162.900688888889
14,21.3674614607163
393,389.432495238095
102,104.973531746032
122,194.8882
14,21.3674614607163
51,69.8867666666667
0,46.9731949322848
14,139.203885816884
490,483.691033333333
653,148.86638777805
426,426.049304689392
542,532.679766666667
177,223.496828571429
396,373.947700869565
276,275.527214018335
404,237.196838095238
454,435.943708867286
563,488.375316666667
469,458.347617171717
262,254.175692424243
472,127.509933333333
44,43.7416791677747
744,694.737695238095
16,98.2812999999999
385,344.970252573742
750,589.5422
492,508.458280519481
433,433.766360290283
3,74.9098354978355
243,273.454333333333
532,658.310533333333
14,21.3674614607163
598,488.6269
341,438.999331316929
65,77.2135
189,200.023234632035
509,487.6185
438,423.714135897436
55,59.7789047619048
433,433.766360290283
284,432.780053846154
663,466.784638095238
387,392.256877192983
286,258.211096103896
51,85.3486333333333
468,467.591320095483
454,414.840833766234
361,365.642933333333
367,381.106709363186
195,197.504383694084
529,471.188715607581
442,450.724519915601
426,426.049304689392
284,305.089850877193
404,397.163047368421
269,285.72865
336,313.294666666667
426,426.049304689392
426,426.049304689392
508,596.842057142857
502,529.137477777778
128,378.034421586587
699,475.986466666667
242,584.465903896104
314,286.363566666667
65,152.842966666667
351,309.448518402624
517,466.7283
257,288.551895238095
288,284.704241357291
367,371.141475108225
207,241.636358536585
426,426.049304689392
195,182.34501031746
520,525.568823792866
442,450.724519915601
45,89.7812000000001
627,603.748490476191
290,334.7624
455,438.928538095238
14,21.3674614607163
416,415.1432
426,426.049304689392
244,302.891485714286
318,345.600127192982
326,314.0768
154,187.749666666667
419,457.285233333333
180,207.710533333333
123,106.211974458874
454,500.61425
449,481.786035064935
508,596.842057142857
45,45.5743604395604
14,21.3674614607163
14,21.3674614607163
310,262.849957254902
657,553.384233333333
426,426.049304689392
78,78.1780723665224
319,314.060294444444
163,178.996766666667
135,194.636002020202
402,366.185333333333
398,408.121382299995
497,502.67
480,486.074713226794
345,358.740880952381
615,654.012666666666
74,77.987819047619
1,116.646144444444
508,433.160914285714
581,580.018024506239
48,117.385316161616
746,691.967233333333
221,222.246933333333
399,68.042612406015
44,87.4626848595848
118,206.971066666667
359,378.2236
330,324.255127647791
290,353.251966666667
15,43.5571124463772
516,523.4325
222,270.882099314574
14,21.3674614607163
748,554.579733333333
638,495.9737
23,198.733244444444
614,617.864180952381
356,354.446433333334
375,346.6948
329,327.967625793619
329,508.6461
174,174.144330880231
362,350.276033333333
425,394.708233333333
28,234.472257142857
384,377.757534632035
696,694.7728
47,179.958677777778
669,639.132055555556
468,417.782444444444
259,277.77426969697
347,358.518616406143
350,313.744282539683
461,377.1256
357,358.008420913836
351,386.065997527473
281,280.524569047619
328,417.946233333333
160,222.744544444444
73,376.440618181818
310,310.3912
488,490.218474975005
266,280.324187301587
404,411.095633333333
14,21.3674614607163
148,428.511533333333
221,202.177185714286
213,211.446048822093
390,396.758466666667
166,191.236519047619
461,409.799677922078
433,433.766360290283
476,474.2869
71,126.4543
662,578.422666666667
365,366.337759062238
564,381.0262
148,92.3951666666667
151,183.166488933289
326,327.642010173138
0,535.738461227661
387,302.557513492063
337,336.575839640098
581,574.325304284297
21,10.9100116994117
14,21.3674614607163
365,366.337759062238
219,82.3388120314994
136,133.111541844069
81,112.075285714286
298,307.928522222222
415,377.9987
515,515.898116666667
462,404.613033333333
119,140.7397
0,161.566966666667
462,400.414133333333
14,21.3674614607163
631,662.154417171717
235,235.553987878788
166,193.8408
289,327.680366666667
463,446.278369273954
365,366.337759062238
14,21.3674614607163
57,61.5784642857143
271,269.083331747506
124,158.153440289286
560,461.920395528016
490,419.305666666667
302,292.040866666667
285,156.0579
461,427.985104761905
633,594.08527100122
77,96.1840999999999
144,399.777036507937
276,275.527214018335
235,283.122712121212
118,158.469633333333
441,322.923133333333
10,41.7412278177689
610,408.853214285714
408,403.627512698413
766,739.800031074481
450,401.803766666667
157,145.49365021645
203,247.867666666667
616,467.809266666666
408,352.179833333333
588,535.582733333334
426,426.049304689392
186,260.9131
718,339.20735
512,325.417061904762
340,359.217866666667
257,457.961666666667
528,574.090222222222
261,264.60950534188
48,90.0669666666666
475,475.5553
417,269.914938095238
286,322.423533333333
591,532.3718
364,364.499225
291,311.91892301821
358,204.222333333333
14,14.0397059102661
472,270.997142857143
365,353.716488888889
270,380.3851
308,289.347134408602
51,52.3819666666667
138,123.834466666667
431,382.961190909091
14,21.3674614607163
365,364.426448615287
485,415.796919047619
286,301.504371529889
673,590.335633333333
761,568.8887
345,344.993107692308
306,311.202478799703
715,709.857904761905
382,391.907347619048
527,350.841966666667
294,544.026494444445
426,426.049304689392
241,209.8426
338,437.9265
745,637.883555555556
429,419.548533333333
555,596.214851082251
51,52.3819666666667
61,72.1131666666667
7,213.8656
462,461.484366666667
429,415.862223243222
419,385.056217779443
49,127.3403
52,119.632138095238
3,147.856033333333
429,413.545966666667
1,241.7814
317,308.299066666667
447,421.576337212461
276,275.527214018335
574,495.822523809524
627,601.375178571429
130,317.921333333333
426,426.049304689392
48,99.7259
64,223.410366666667
290,441.75940600343
343,342.910283348133
689,621.729566666666
641,511.666263157895
68,136.574652380952
395,359.2008
759,678.129433333333
275,319.970271428571
335,336.283820743034
614,472.528066666666
644,589.632466666667
580,592.637132234432
537,523.590457142857
602,245.33720952381
710,606.311547619048
509,379.686833333333
482,473.328795238096
119,125.54748907563
321,320.765000793651
280,337.640924242424
399,349.540419047619
680,576.691264646465
18,104.265428571429
317,308.299066666667
756,648.568133333333
263,271.926628571429
445,435.131733333333
64,223.410366666667
513,495.4489
486,442.9304
364,369.324033333333
204,200.964933333333
195,194.105433333333
187,155.028233333333
419,421.7277
755,662.622133333334
112,135.979566666667
465,127.824271428571
468,457.707235413498
561,553.761790476191
102,276.099
390,379.282166666666
259,264.103069586846
342,359.103443926444
330,344.2257
662,540.308598412698
626,596.775738461538
468,466.724000471616
407,411.903635164835
17,48.2522738562092
384,309.568362857143
613,420.697809523809
581,580.018024506239
584,548.366133333333
258,276.560048017798
186,388.834033333333
426,426.049304689392
419,388.913
395,385.98885952381
48,87.5208666666666
286,294.709733333333
433,422.297671428571
231,173.520480952381
179,191.692056060606
363,446.65
375,332.967080952381
58,151.1194
426,426.049304689392
581,580.018024506239
380,405.784033333333
575,552.051133333333
251,256.334
568,483.1241
334,331.74074831309
335,330.155477489177
199,232.370733333333
433,433.766360290283
315,348.940883333333
449,481.786035064935
396,383.188702005013
633,594.08527100122
624,580.820668455641
407,390.318666666667
12,99.7055056518645
158,160.748766666667
705,523.858133333333
634,553.642757142857
345,328.467488034188
271,271.931349788002
235,234.19788570743
374,372.883881385281
468,466.724000471616
466,425.918904761905
659,622.334526984127
515,531.225238034188
745,611.448433333333
354,295.031017016317
212,324.434933333333
271,181.3042
413,393.402257142858
175,197.6553
334,334.512845132803
311,266.1669
291,279.635433333333
452,454.52365
407,413.604047549566
452,390.870411111111
29,69.8122166666667
362,340.075492857143
8,66.5989
326,314.853008333333
581,580.018024506239
755,650.874656410256
531,500.634866666667
404,125.875283333333
182,375.507144805195
407,406.915533333333
631,662.154417171717
275,263.228566666667
136,133.111541844069
21,136.2992
321,312.435484559885
284,302.506933333333
51,103.871733333333
426,426.049304689392
8,51.1000727411747
337,329.170244444444
488,483.366472372072
243,288.124712667043
263,274.853447619048
332,330.725333333333
256,262.574211111111
321,321.300946031746
543,520.440168181818
529,398.866088888889
268,265.732169586846
276,275.527214018335
324,385.908966666667
517,513.935766666666
343,335.048547317266
68,79.9572666666666
547,536.503633333333
252,256.153811111111
321,319.429566666667
581,532.742072416434
385,370.162707844933
311,264.4266
433,366.935757717941
458,463.7964
320,347.0453
414,326.222333333333
242,278.356833333333
71,83.7018333333333
220,365.959023809524
604,607.350266666666
320,319.85333496732
511,395.0001
52,172.174333333333
404,393.708305555555
509,460.89173030303
148,151.415294560994
486,442.9304
484,448.124928571428
398,393.096325922422
518,517.133516666667
395,381.720327705628
433,433.766360290283
293,353.150081169591
14,14.0397059102661
476,438.569503755869
277,304.240130194805
633,594.08527100122
256,256.407700947711
651,618.8872
569,520.080966666667
168,199.99339047619
310,310.3912
161,180.443733333333
314,317.538220718816
644,545.144213419913
336,320.405685407066
439,410.433
55,86.8747993026775
58,87.6551888888889
753,566.726666666667
539,247.410433333333
243,242.767885042735
22,107.334316666667
316,316.725672856066
397,431.193066666667
211,515.370453968254
744,696.522966666667
146,234.209247619048
413,427.375552468672
426,426.049304689392
272,439.315433333333
172,215.727466666667
315,317.148519861974
214,303.0692
527,447.321838095238
49,95.1911666666667
252,85.9432333333333
365,366.337759062238
130,136.515631359531
249,308.746333333333
396,393.746109090909
367,361.686946031746
419,410.035652673797
287,334.6358
520,309.092733333333
329,346.43130952381
426,426.049304689392
256,256.407700947711
14,21.3674614607163
182,125.706128571429
458,385.052542857143
353,367.188860069059
361,250.83600510323
50,130.745866666667
665,499.9249
267,282.178633333333
249,252.283101960784
465,465.21975034965
341,504.733782350982
154,214.925002930403
57,89.3049460317461
182,153.165233333333
242,81.5168666666667
193,130.142245238095
61,71.6474142857143
515,488.456414502165
282,325.250233333333
424,409.836818770227
323,327.067321428571
169,191.741577289377
603,544.956323809524
355,348.171638827839
73,19.8605743589744
426,426.049304689392
154,170.468183333333
374,280.558811111111
478,459.745433333333
629,606.470066300366
367,373.19936002331
468,466.724000471616
345,344.993107692308
55,59.7789047619048
590,582.6642
620,611.8644
271,269.083331747506
302,302.031133333333
527,520.555752941176
130,136.515631359531
434,398.059352380952
438,541.548228571428
319,338.6746
395,388.56286512605
426,426.049304689392
519,532.09027056277
295,301.207480952381
298,257.950261868687
332,402.825466666667
579,587.791315367965
17,73.3296142857143
13,65.8742406311237
341,364.050300560224
606,542.838633333333
681,562.415733333333
342,298.57999004329
190,213.543756709957
256,256.407700947711
442,439.554307102826
414,380.659266533467
440,406.483766666667
426,426.049304689392
433,433.766360290283
276,275.527214018335
645,628.948957142857
269,208.094066666667
410,351.952108516483
20,177.1023
426,426.049304689392
397,152.045812035686
17,37.5481818132676
635,586.877127272728
433,433.766360290283
140,161.728587356322
404,385.894829007634
634,651.135604761905
387,386.473394516671
459,367.157370165799
377,357.4896
554,546.426376950174
365,366.337759062238
309,397.15424
645,647.343114285714
336,338.456021367521
408,389.014533333333
238,247.4457
44,57.0320655677655
54,53.2085718614719
183,202.155396491228
308,101.526474603175
490,468.929057142857
433,387.91128974359
329,306.280216450216
388,387.357803547433
445,380.657966666667
59,272.156468589058
14,21.3674614607163
92,106.072678571429
219,255.565402779483
584,509.035432967033
39,237.740412820513
754,584.499566666666
458,455.4833
738,378.370084848485
421,411.472239514456
260,104.114614285714
276,275.527214018335
581,580.018024506239
387,386.473394516671
356,425.2578
468,466.724000471616
256,266.407921613534
452,443.198792063492
256,265.109845768611
509,423.167966666667
426,426.049304689392
426,426.049304689392
738,441.519366666667
461,433.029576190476
130,280.192166666667
105,119.08088907563
246,349.801298717949
406,391.100433333334
531,511.665880952381
343,335.048547317266
18,126.9573
343,474.577166666667
536,513.901938095238
290,353.251966666667
40,67.7139282828283
426,426.049304689392
442,444.252990476191
353,350.899566666666
468,467.591320095483
327,280.180204761905
581,580.840759936795
89,156.025
433,433.766360290283
633,594.08527100122
256,256.407700947711
142,138.730003108003
450,449.857136363636
338,323.882492707293
337,204.9136
120,164.960775125691
276,275.527214018335
7,103.665
402,345.800998082707
131,132.569687789988
545,512.83748627451
753,654.955879487179
46,148.027076190476
379,379.21045
501,504.179333333333
426,426.049304689392
226,222.341266666667
0,56.3972333333333
288,308.920333317734
78,99.3002904761906
432,426.620326984127
16,142.5572
767,295.3869
490,482.221504761905
365,366.337759062238
523,505.376412648954
338,240.111241913642
121,302.159033333333
436,415.644503979354
260,204.0715
302,335.3452
341,100.283684126984
326,310.733806060606
616,545.384853127918
204,221.617266666667
543,625.021783333333
275,267.393766666667
298,278.767571794872
495,434.997823575332
248,240.335761904762
644,549.262147979798
346,174.304966666667
426,426.049304689392
338,309.053018104118
377,327.059004578754
441,440.960528571429
527,402.046454761905
111,121.0275
751,515.1136
363,284.436304761905
581,580.018024506239
646,645.097819180527
98,122.38489047619
286,351.7268
102,97.0159492063493
51,53.1201666666667
341,309.712966666667
539,548.699415877828
503,509.7581
280,305.701433333333
527,511.701944444445
696,694.7728
230,55.8720212893511
287,286.950883333333
421,411.259866666667
454,228.8053
696,694.7728
173,220.755333333333
751,661.340757142857
213,213.970022565017
496,456.059399122807
386,390.345961538462
0,214.4671
200,270.319691452991
406,402.553311695907
265,240.014133333333
500,471.895183333334
268,265.5481
359,377.039166666667
433,433.766360290283
575,552.051133333333
420,367.487033333333
326,327.642010173138
340,360.766422810523
54,131.466566666667
406,354.896433333333
14,21.3674614607163
145,162.521771062271
130,136.515631359531
299,267.99572020757
288,376.595833333333
85,145.981066666667
94,101.165871428571
648,543.229271428571
426,426.049304689392
14,21.3674614607163
449,447.276701874003
428,333.875126984127
331,330.863347877876
505,347.263324816412
244,262.2588
325,303.245266666667
45,45.5743604395604
427,444.200727526464
202,203.620766666667
518,517.824602164502
361,346.550166666667
135,144.185157581012
581,580.018024506239
235,237.24809033189
330,418.352433333333
44,43.7416791677747
331,330.863347877876
173,205.743688888889
423,455.266752380952
4,100.4072
189,202.886323809524
336,252.1311
75,89.0198666666667
712,705.987189571539
8,10.9100116994117
457,515.814025396825
422,681.992057142857
523,387.176129007634
258,253.560566666667
517,460.514533333333
202,550.71505
161,183.963066666667
690,541.160066666666
57,211.320422222222
189,444.762755913979
646,645.097819180527
343,335.048547317266
395,382.273295238095
320,301.760633333333
338,281.121071428571
670,621.114701349528
159,184.391833333333
433,433.766360290283
259,265.732169586846
480,454.413059574468
186,226.773284126984
280,273.653880409357
365,366.337759062238
426,426.049304689392
426,426.049304689392
393,413.3435
239,99.6043285714286
12,87.3790571428571
354,369.3673
680,651.774333333333
442,432.742071428571
130,136.515631359531
181,226.715933333333
746,613.852466666667
284,257.2519
442,450.724519915601
426,426.049304689392
17,37.5481818132676
365,366.337759062238
268,272.662667441861
392,380.783484887335
357,356.035624634788
672,636.081366666667
323,397.657966666666
83,344.871163512362
0,458.87385433589
123,118.873037229437
397,308.045398761259
364,390.527711904762
413,393.491029007634
349,344.619776190476
413,410.870724242424
341,331.345220441839
291,301.440723809524
395,411.179566666667
279,289.709404761905
468,462.978130551693
633,605.203680952381
242,247.584966666667
14,21.3674614607163
459,457.568843255176
323,278.7285
357,356.028824394319
345,355.835691854637
331,330.863347877876
336,331.09620820712
127,142.446833333333
100,278.1414
384,380.234695238095
371,376.72254320053
360,369.060997619048
276,289.95898130415
50,111.4065
553,519.8065
437,425.250540350877
433,433.766360290283
505,499.712504761904
555,511.529849084249
522,394.926366666667
57,351.040921428571
426,426.049304689392
561,545.262252380952
0,280.020138095238
538,525.584417647059
426,426.049304689392
494,451.480271794872
426,430.336746536796
407,405.698366666667
505,488.757423809524
297,299.9352
8,58.4784404068423
58,98.9055333333333
246,307.377196825397
83,115.687942857143
407,397.685966666667
323,583.817166666667
57,103.7355
433,433.766360290283
568,637.9306
517,540.148066666666
173,188.233742857143
379,377.366
83,174.572961904762
275,278.635133333333
457,375.570388626964
79,88.8340589794044
44,129.155133333333
335,313.7585436523
43,30.8810724275724
336,331.09620820712
20,73.7977111111111
513,437.175927376133
529,501.349333333333
34,118.498557142857
384,588.507605555555
214,214.790366666667
11,193.95906984127
522,486.784238095238
70,238.538166666667
55,107.578480952381
516,500.036366666667
14,21.3674614607163
426,426.049304689392
751,660.999392063492
541,434.547985714286
501,265.370133333333
44,87.7293833333333
155,175.874955466755
238,184.317997619048
688,646.247914285714
62,98.2020212121213
20,96.2760676767677
235,235.553987878788
90,392.6347004329
324,343.168407359307
650,644.002980952381
130,135.863943299672
633,594.08527100122
322,384.986966666667
389,152.776343589744
21,68.8477380620459
468,466.724000471616
400,401.5386
44,43.7416791677747
683,637.5859
489,450.6184
197,205.169356587091
132,239.522
473,390.228815584416
426,426.049304689392
577,515.404357575757
632,625.403733333333
376,320.062911111111
459,409.960066666667
406,354.896433333333
493,536.723661904762
255,404.272427275936
377,469.402627272727
488,451.810933333333
92,335.348957142857
536,504.669
454,450.627275765073
135,152.019433333333
433,433.766360290283
127,142.446833333333
407,383.105394736842
489,461.910058646617
275,461.484366666667
665,615.717694871795
346,321.481114285714
369,371.817642857143
535,513.533566666667
310,310.3912
11,167.6358
325,346.9792
162,227.792718803419
20,125.399833333333
562,488.3511
473,436.368
377,357.319233333333
224,414.517366666667
183,193.7371
426,426.049304689392
426,426.049304689392
271,269.083331747506
438,412.563833333333
694,582.6069
214,201.799685353535
351,351.708642857143
473,474.672830081826
634,614.934733333333
103,116.220906060606
136,133.111541844069
626,601.363466666666
8,180.389152380952
751,689.4037
122,128.519273202614
99,98.2456333333334
319,317.625514516529
130,136.515631359531
551,511.44636302521
320,318.9869
321,331.178461972433
433,433.766360290283
259,265.732169586846
257,258.7492
424,409.3774
407,446.516333333333
472,464.333801031644
516,457.846866666667
464,394.0196
418,436.701666666667
675,580.521866666667
323,181.841933333333
413,387.2025061863
316,316.725672856066
106,93.5874841269841
334,331.026981646424
361,280.162345634921
331,330.863347877876
433,433.766360290283
245,172.981866666667
0,43.7416791677747
14,21.3674614607163
135,275.984076190476
664,522.388452259165
17,37.5481818132676
393,380.647157142857
426,426.049304689392
586,547.868933333333
295,493.414376190476
468,467.591320095483
359,369.970266666667
234,228.326874413169
439,396.293888888889
321,475.281066666666
753,567.5493
616,616.003
114,126.271366666667
303,383.142433333333
349,282.236366666667
370,353.043642857143
14,21.3674614607163
343,335.048547317266
148,154.127885037185
14,21.3674614607163
96,205.7491
542,546.684
203,182.897866666667
349,289.802176190476
278,379.37473287213
308,308.622787862722
479,473.2181
501,504.179333333333
692,614.640914285714
692,684.7449
163,271.5592
468,464.176293307587
218,229.1197
586,585.325005561982
299,84.5548142857143
426,426.049304689392
387,386.473394516671
528,441.351033333333
453,497.685396825397
15,106.163804761905
76,112.778509523809
439,429.24155
102,101.846116161616
387,428.5628
433,409.313866666667
426,426.049304689392
430,414.157247662142
365,368.67240030525
287,288.708238095238
455,458.58050790311
539,529.539746587893
393,286.654
445,453.061233333333
687,551.819923809524
657,617.072628571428
25,271.291983333333
426,426.049304689392
553,482.282847186147
406,248.8672
459,426.218131746032
42,90.0161142857143
471,504.417216845878
336,331.09620820712
297,259.821957617563
73,62.2491
210,255.543733333333
520,380.446473809524
595,594.430685714285
767,594.687166666667
497,477.507204761905
307,336.6696
20,20.0280076923077
466,521.90612991453
319,323.086607142857
73,134.231088888889
438,430.293551282051
460,501.801666017316
46,84.7659333333334
205,301.721623529412
310,310.3912
59,171.0927
492,442.0426
43,128.529909523809
496,475.428414285714
286,297.673133333333
300,301.819233333333
426,426.049304689392
146,144.610166666667
333,336.461374993634
243,231.151220634921
99,343.685566666666
314,311.032802380952
322,323.656986363636
584,557.9195
426,426.049304689392
56,72.2823777777777
480,515.287777192982
759,656.064242857143
316,316.272050237018
423,405.89805216838
367,364.005755555556
402,400.555388888889
256,256.407700947711
411,399.508266666667
426,426.049304689392
505,334.730733333333
404,235.666200793651
435,443.402767731829
419,366.361627777778
8,118.409395970696
300,301.819233333333
313,333.032722619048
501,492.704333333333
393,486.587833333334
497,397.874756277056
269,273.314928571429
341,504.733782350982
337,349.431066666667
33,149.276466666667
374,372.4807
623,661.935633333333
0,48.5010949322848
276,273.98551669321
381,329.068466666667
258,267.404507193732
11,102.567973867146
477,375.058233333333
364,368.91310952381
735,501.269604761905
468,466.724000471616
283,196.658034126984
604,579.2162
355,426.671072222222
264,214.083433333333
45,45.5743604395604
433,405.808692717087
9,125.8049
507,487.184166666667
710,206.09045
426,426.049304689392
659,660.999392063492
553,547.670231746032
283,291.343916666667
365,366.337759062238
408,391.491300584795
468,466.724000471616
195,167.084733333333
522,513.5725
509,498.915869047619
479,433.398433333333
101,398.493031469979
308,206.375859523809
14,21.3674614607163
395,315.500333333333
273,272.176465000003
436,423.956966666667
345,345.321069184977
133,190.512822222222
54,56.5224005328005
515,655.272272222222
242,303.951106105006
331,330.863347877876
44,43.7416791677747
667,626.402833333333
574,510.332075757576
257,270.724116666667
14,21.3674614607163
170,212.278533333333
366,204.482463003663
650,613.818976190477
14,21.3674614607163
14,21.3674614607163
52,120.429204761905
249,254.078
214,301.38828627451
412,395.1766
135,134.289746753247
381,384.096298051948
64,101.70069047619
270,337.643966666667
98,133.917294444444
697,704.08705
160,217.2539
439,440.3809
235,236.165587878788
521,428.737466666667
296,304.6515
14,21.3674614607163
509,491.384042857143
316,329.150493333333
327,322.675526677571
312,387.861250067919
377,376.589764285714
476,379.703651180932
377,384.906733333333
663,522.656047619047
11,99.8518823529411
78,135.4902
36,212.615233044733
426,426.049304689392
345,345.65191851664
341,398.588916666667
393,394.165077743764
214,453.729552518978
336,334.480699397834
665,583.0916
237,217.16627034632
664,479.9883
0,82.9772880952381
500,421.391006428572
361,363.345109024309
433,433.766360290283
462,360.010566666667
501,492.681026190476
498,453.733666666667
712,695.672746042846
146,277.036186197378
652,652.4214
547,522.202207904342
37,118.085466666667
123,106.211974458874
166,212.844866666667
457,459.232966666666
307,305.041466666667
753,643.773133333334
342,362.121833333334
21,29.9441648629149
616,616.4319
414,351.730866666667
546,537.014619047619
542,525.71529147634
21,414.6889
0,450.113433333333
426,426.049304689392
672,641.76110952381
669,562.175433333333
316,254.048564646465
12,27.7895913165266
463,445.827407706919
286,297.673133333333
616,604.976477777778
469,469.840251428572
427,523.104438095238
193,205.583933333333
465,439.854940223499
619,488.412433333334
154,234.484164285714
21,80.2445058080808
449,481.786035064935
433,433.766360290283
0,44.0877707570207
246,270.217566666667
404,412.494266666667
131,149.4388
46,101.241933333333
260,262.00426286559
10,131.462433333333
387,386.473394516671
297,263.9696
574,235.716928205128
459,44.5047239739254
585,400.646633333333
261,271.35842962963
262,239.64
496,488.789826190476
433,433.766360290283
337,339.260480952381
299,301.8428
223,121.955566666667
53,56.2817854382332
130,136.515631359531
519,471.689166666667
3,48.5010949322848
44,179.086366666667
629,632.472278571429
659,660.999392063492
359,388.298266666667
468,466.724000471616
461,404.328730733494
77,153.378883333333
114,121.836766666667
539,473.102690616449
587,473.643366666667
314,394.218733333333
698,586.637966666667
399,363.770866666667
637,611.993068470419
367,327.902755372405
248,294.271633333333
478,474.173599437229
607,603.195638888889
130,145.664900381902
580,492.871466666667
614,523.6775
361,558.812909262306
14,21.3674614607163
567,515.836977489177
426,426.049304689392
294,383.103250980392
470,462.4266
327,322.675526677571
60,105.916266666667
373,375.581866666667
652,687.08449047619
231,209.413033333333
760,582.893066666667
209,233.079566666667
460,395.706433333333
581,450.059133333333
120,143.315866666667
104,193.84466969697
17,49.4155148754627
368,423.661285352622
283,270.462166666667
39,67.6059666666667
326,327.904638095238
64,140.546445238095
260,268.17968856552
355,322.551598484848
426,426.049304689392
286,267.955933333333
161,185.997666666667
578,467.562233333333
606,540.073533333333
73,160.975371620972
74,101.0114
292,284.776702126528
528,488.944166666667
607,589.885725396826
41,211.412566666667
386,476.710985714286
276,275.527214018335
637,611.119409523809
600,603.5342
680,639.317333333333
459,538.26817965368
424,428.020995238095
389,592.5086
321,397.032866666667
135,175.919516091954
678,577.7488
82,103.7138
426,426.049304689392
339,235.990992307692
233,328.909833333333
380,207.058333333333
536,605.1075
441,398.212566666667
309,378.248466666667
53,131.731061475814
55,119.752933333333
634,642.966033333333
45,45.5743604395604
70,133.472525757576
18,80.974994993895
423,401.654093797322
314,305.979176984127
455,463.6303
446,297.683866666667
507,498.123702380952
534,525.3549
331,330.863347877876
276,275.527214018335
17,37.5481818132676
276,275.527214018335
197,67.7520802260044
407,388.7901
493,473.9875
441,432.710352268037
341,406.568329292929
459,473.426502380953
13,96.5711777777778
341,504.733782350982
446,373.182615384615
445,431.028607017544
337,336.461374993634
539,529.539746587893
423,403.809568103819
286,285.341233333333
145,287.638
44,127.851580952381
648,614.3139
640,639.292407142857
282,293.238666666667
33,111.511733333333
414,487.047172510822
298,317.000752380953
455,449.460704761905
189,206.286790476191
21,90.0443333333333
15,112.39181025641
558,374.877228571429
45,45.5743604395604
398,391.651666666667
214,201.799685353535
572,580.440033333334
655,316.414366666667
605,588.001681019857
579,628.9119
57,399.168288888889
187,166.852901587302
549,645.022138095238
646,641.634615995116
206,416.734633333333
362,358.132000793651
506,470.814067948718
426,426.049304689392
120,165.538706926407
290,310.772766666667
336,308.4844
84,79.9073873015873
214,147.210733333333
49,102.778595887446
53,56.2817854382332
259,271.332296570973
441,322.923133333333
418,397.5576
205,337.2703
134,156.07185
432,390.90475
287,282.035766881167
566,629.833204761905
408,391.5676
640,631.913989010989
273,271.037326984127
20,20.0280076923077
600,580.018024506239
468,466.724000471616
351,535.503533333333
260,249.629319919504
349,337.410391874402
553,553.745057953157
340,363.5363
322,324.662175555555
485,380.823566666667
550,628.364940476191
426,426.049304689392
271,269.083331747506
747,631.636476190477
557,535.920258003705
426,426.049304689392
15,270.50616969697
244,245.760914285714
553,516.162646969697
331,336.0381
426,426.049304689392
748,554.579733333333
539,529.539746587893
522,499.769566666666
64,111.084466666667
361,281.6312
226,96.2488166666667
455,346.623395238095
588,485.985490413534
470,457.191166666667
28,388.206095280305
407,400.683366666667
186,260.9131
408,400.891919979927
15,397.897033333333
69,176.5271
338,323.882492707293
267,215.62728974359
493,208.427893833944
501,504.179333333333
449,449.857136363636
426,411.074793131494
129,134.867723809524
335,92.839
368,425.913447186147
136,133.111541844069
277,291.6291
537,502.687866666666
170,132.116001587301
426,426.049304689392
387,344.660308524809
522,496.655187301587
15,114.429766666667
426,426.049304689392
271,271.529436699144
274,334.4945
276,274.14182142982
426,426.049304689392
99,217.578933333333
433,433.766360290283
546,475.0174
628,619.133766666666
412,432.990838095238
564,286.993142105263
233,328.909833333333
426,426.049304689392
56,58.4387809024309
387,370.760203775473
417,552.1136
426,426.049304689392
474,471.103121428571
128,153.985353100331
48,47.8633458247067
200,181.595966666667
306,310.255370640143
356,359.5786
54,61.9673225108225
374,375.662019047619
15,283.379519047619
68,85.6568769758289
355,282.891483982684
253,266.636866666667
467,454.033666666667
367,382.078633333333
712,713.856330536131
183,113.231980952381
458,347.751033333333
637,627.135850793651
153,136.420047619048
604,504.0544
15,96.9768809523809
122,217.65010952381
38,119.697166666667
501,504.179333333333
94,97.3522619047619
209,219.598833333333
14,21.3674614607163
204,109.484791017343
341,375.957962585034
387,422.690022222222
452,364.321605555555
552,690.956766666667
370,287.447284126984
341,581.641696825397
660,657.095033333334
361,294.783818181818
426,426.049304689392
413,293.342887048591
568,554.716333333333
514,516.342641666667
703,409.532336363636
38,78.5847285714286
681,571.8468
126,265.633471428571
676,124.7969
173,223.0592
315,328.748006060606
314,307.9164
263,267.461511111111
67,81.0907888888889
261,261.475390734266
366,220.701038095238
442,681.826799999999
276,264.496566666666
101,82.2449619047619
192,278.350466666667
365,366.337759062238
663,469.111038095238
303,459.567966666667
395,397.170197435897
681,626.342033333334
88,428.276166666667
271,269.083331747506
169,209.992180769231
561,488.869566666667
410,375.185073901099
404,353.9105
450,477.9662
615,599.982961904762
347,79.2808333333333
212,213.871008608059
468,466.724000471616
88,126.155833333333
683,590.612766666667
77,141.6808
71,82.7428392496393
404,409.566333333333
524,342.691933333333
317,322.675526677571
14,21.3674614607163
21,114.240380952381
128,136.432106621432
407,411.083991994011
745,323.823833333333
715,697.950133333333
417,413.930844097896
367,366.596855555556
199,231.3117
392,378.913462305002
241,368.687784102564
114,158.224566666667
462,502.261016666667
581,580.018024506239
399,394.9673
48,84.5433666666667
642,540.956138211382
429,417.880935897436
130,184.4036
15,107.1643
256,256.407700947711
204,220.661590909091
128,91.3479483660131
384,322.846133333333
722,589.22888627451
337,313.136531890332
407,362.311883333333
506,487.962826190476
660,634.011703174603
450,412.2697
159,205.492666666667
547,574.754866666667
388,412.356066666667
144,162.118266666667
652,633.172383333333
426,426.049304689392
506,506.6697874808
124,208.308233333333
424,422.588091330355
243,177.284833333333
9,101.529806349206
519,471.689166666667
331,246.8124
387,386.473394516671
509,423.167966666667
426,426.049304689392
405,392.6643
275,289.530516666666
199,136.0628
142,99.4871301587302
556,553.300633333333
275,275.009404761905
488,482.770596825397
525,498.765766666667
291,312.531892857143
272,316.975180194805
355,444.047390254352
578,349.180991729323
451,439.651826016706
331,330.863347877876
317,322.75393051948
255,358.150847719298
468,443.6143
396,393.746109090909
14,21.3674614607163
214,439.596333333334
474,388.324819658119
0,135.286266666667
426,411.908355150039
226,407.750788311688
94,136.018466666667
262,274.907204761905
367,361.686946031746
746,636.4117
44,43.7416791677747
413,414.704821402699
270,247.4261
696,694.7728
219,339.039420562771
2,79.6084666666667
384,497.503864285714
486,483.366472372072
681,587.704533333334
257,271.725992640693
512,470.028523809524
42,222.417457142857
85,96.9898666666667
303,340.108333333333
59,138.600161904762
319,319.873490476191
343,343.802403745864
14,21.3674614607163
433,433.766360290283
357,358.241498075563
293,145.352325396825
759,700.021973809524
381,365.862571428571
288,306.620064102564
65,143.772933333333
18,86.481
433,433.766360290283
588,626.624128571429
357,346.269509954568
372,376.986246978185
14,21.3674614607163
452,412.073107176157
468,466.724000471616
384,346.3114
511,504.589180636605
479,435.778853823954
10,127.049855555556
276,275.527214018335
12,114.735133333333
51,52.3819666666667
123,154.66100681606
408,420.118866666666
375,340.192633333334
44,85.1030682539682
0,442.813537270641
57,88.1576666666667
0,205.054742857143
468,466.724000471616
174,237.3925
44,43.7416791677747
486,376.03007997558
77,122.204738095238
528,498.528966666667
308,315.303849261849
451,453.989706410257
485,482.508002658106
4,32.3426666666667
304,369.911
521,529.694200870175
581,580.018024506239
308,286.379316666667
537,499.737936231884
271,269.083331747506
280,285.3914
14,21.3674614607163
660,633.435684848485
74,63.3561633053221
144,180.269288316401
423,386.955584082584
543,452.528372365446
449,481.786035064935
686,670.878800000001
365,366.337759062238
13,23.3992864357864
420,394.79162745098
407,461.929980952381
336,344.345747619048
581,424.369033333334
433,433.766360290283
242,236.5344
311,462.087909289618
94,249.715638095238
331,330.863347877876
387,381.191134971496
568,459.195866666667
469,441.8509
124,130.544207142857
8,11.9999878898879
760,686.501733333333
239,211.1159
517,530.740722943723
663,466.784638095238
256,256.407700947711
337,365.190579949874
47,128.463166666667
286,275.904211111111
647,619.649676190476
551,440.109991788942
335,341.321555494797
542,622.163284848485
130,117.257042770955
343,347.226145582093
64,136.628733333333
426,426.049304689392
663,466.784638095238
462,461.484366666667
61,105.953193772894
235,235.553987878788
501,489.019966666667
323,326.6902
221,214.046857359307
386,383.319406959707
191,206.481142424242
79,87.9740571428571
321,389.532433333333
753,623.641738095238
299,173.828203063469
152,145.341869047619
177,311.545
416,401.204780952381
738,507.387866666667
126,406.376766666666
637,558.181516666667
22,141.8416
130,136.515631359531
331,330.863347877876
659,648.620258730159
401,401.685455555555
387,386.473394516671
271,415.553633333333
434,377.067733333333
307,314.106333333333
426,426.049304689392
233,267.2359
357,256.110066666667
278,209.1487
295,284.586775
341,504.733782350982
518,510.892284126984
22,107.334316666667
259,264.728926729703
436,436.360733333333
416,410.942401587302
331,332.454897787833
553,520.551155866356
446,438.149655555555
355,311.0949
766,681.965886507936
379,355.240076190476
366,340.320766666667
649,625.337914285714
262,265.528133333333
457,423.999266666666
130,136.515631359531
7,202.087761904762
501,402.098133333334
426,426.049304689392
392,321.887866666667
413,404.6546
442,450.451773665224
324,325.501133333333
333,395.776639682539
426,426.049304689392
271,269.083331747506
95,123.2463
14,21.3674614607163
224,238.725466666667
415,396.9482
406,403.008671428572
581,580.018024506239
0,53.1201666666667
130,136.515631359531
530,379.702566666666
173,192.80625952381
329,328.289966666667
44,53.9587
166,183.233433333333
15,189.450172438672
5,155.151804761905
358,377.797333333333
405,311.276987251548
452,418.893256272568
0,246.90747573751
334,168.789269047619
243,550.635133333333
460,418.964139393939
746,622.0538
348,350.358725324675
341,504.733782350982
459,479.493058078033
189,196.015033333333
593,534.629266666667
305,278.273092857143
452,454.984083333334
136,160.895
514,503.677107538076
66,213.274216516816
695,655.883166666667
552,406.539033333333
318,301.765395238095
426,426.049304689392
633,594.08527100122
494,433.419956410256
555,546.014965750916
277,278.1613
447,452.028167777778
534,534.496733333333
255,276.750831302408
465,465.21975034965
258,283.0044
290,328.863671428572
44,131.143112698413
410,356.1968
751,709.568933333333
383,384.560375829726
456,428.385833333333
473,473.668966666667
262,281.046233333333
531,499.354281493532
548,571.26645
364,367.967993101343
426,426.049304689392
499,500.248637291948
234,243.9357
581,580.018024506239
51,52.3819666666667
398,392.603469047619
308,316.207518686869
626,616.251166666666
426,428.778745382395
70,72.4572158730159
298,222.908433333333
522,476.059536016512
404,402.901133333333
82,137.403366666667
466,457.961666666667
562,572.010333333333
460,432.1087
17,37.5481818132676
433,433.766360290283
767,145.199033333333
419,404.959602636146
467,419.969530952381
188,188.2564
14,21.3674614607163
396,371.35402005772
473,471.627866666667
332,315.80870346908
122,217.65010952381
29,89.1662
127,482.239616666667
525,519.750858225108
433,433.766360290283
250,286.143166666667
619,537.824694247685
510,188.085606349207
575,556.0411
578,518.884395365419
255,271.388792473118
249,270.541233333333
251,269.02415
14,21.3674614607163
663,466.784638095238
49,201.2087
14,21.3674614607163
547,651.093033333334
0,40.555219047619
581,502.362666666667
45,393.730966666667
601,555.7842
708,694.7728
427,384.19947936508
329,330.002065359912
494,449.175366666667
485,467.677675904871
434,411.198571794872
319,317.791500056643
123,106.211974458874
368,415.484277192982
710,657.6277
659,622.334526984127
350,346.913509523809
223,215.596680357224
740,571.4198
75,84.3473166666667
3,146.359666666667
236,219.9009
186,278.625133333333
238,231.295875358852
294,301.780054545454
539,529.539746587893
80,86.1113571428571
579,579.513414070783
320,319.85333496732
286,313.2709
444,366.449407017544
327,334.969904761905
424,412.790314285714
329,364.948333333334
14,14.209693789054
485,627.727366666667
365,366.337759062238
243,241.2495
426,426.049304689392
174,206.6974
426,406.217524242424
288,309.176
351,386.065997527473
366,364.252761904762
15,215.538424315047
440,426.574266666667
494,468.168330952381
414,343.076666666667
330,326.397732467533
380,339.281133333333
216,208.508633333333
369,357.263565067973
351,370.249688471178
254,262.365933333333
316,329.150493333333
448,433.8679
151,259.499166666667
387,353.171144444445
9,62.4783158730159
579,590.025141630592
428,566.0668
453,447.407319091419
667,547.646866666667
287,288.814233333333
51,68.9011
468,466.724000471616
467,471.111887739653
51,80.7324095238095
440,406.483766666667
331,409.9025
299,278.85843015873
465,448.834865217391
441,439.591734415584
147,217.311944444444
125,200.567366666667
554,454.474522586201
345,345.65191851664
78,99.3002904761906
385,133.4501
660,595.933585418091
426,426.049304689392
0,375.961633333333
286,281.361133333333
244,182.890252136752
426,426.049304689392
71,52.3947490842491
426,428.921594588745
271,269.083331747506
20,89.2883952380952
666,526.153433333333
555,521.423276190476
339,389.573992907801
161,116.211066666667
458,415.169786903186
633,582.953259279609
407,406.915533333333
387,282.050935897436
43,44.8353333333333
278,453.098695853269
15,69.3465553324661
367,365.327928571429
94,110.031447619048
465,441.906237121212
135,194.636002020202
74,69.0923047619048
73,130.3685
440,401.654514285714
545,535.480450781375
508,528.295422943723
366,378.194366666667
55,70.1443377723079
441,356.831414285714
650,655.313523809524
657,622.029480952381
452,348.576555228758
31,144.041221466279
549,552.130791919584
276,275.527214018335
422,363.829366666667
426,405.451640077113
308,222.746146969697
546,536.030551515152
52,62.626
182,184.985614285714
260,277.289133333333
341,406.568329292929
140,192.405966666667
53,195.561658823529
438,382.462866666667
299,90.9712641380334
313,276.9472
183,206.740295238095
569,468.903701982228
73,96.4875
77,133.470966666667
303,323.001033333333
637,271.0883
561,349.530894444445
285,376.240980128205
235,262.675723809524
435,139.517028571429
235,235.553987878788
283,282.661465079365
404,394.102752380953
413,412.243933333333
422,386.640399999999
555,501.20810112782
134,145.345166666667
437,438.844334398496
337,334.5029040592
345,345.518626829088
468,466.724000471616
442,450.724519915601
310,308.7692
234,224.8914
182,218.890066666667
442,434.234268628263
37,138.775966666667
191,381.6025
440,426.574266666667
321,320.765000793651
514,471.376925
482,438.0729
260,272.333452711528
145,156.243452380952
448,443.975133333333
39,31.4561411976912
407,312.996433333333
135,208.828555677656
140,172.4344
136,134.55259214413
454,433.58575721393
167,168.700947619048
425,378.817190476191
277,269.757676305876
144,233.565233333333
719,674.377866666667
0,114.554708641359
214,201.799685353535
579,507.601
672,566.397566666667
179,189.563483405483
442,450.724519915601
235,235.553987878788
398,203.210871428571
242,273.9264
412,395.1766
367,378.64132586916
213,339.989533333333
581,580.018024506239
480,428.056151879699
426,413.289664633149
468,466.724000471616
251,261.76375
343,335.048547317266
633,572.101984848485
401,425.1178
589,530.883333333333
298,340.238617460317
643,644.2841
195,196.407180005553
8,49.8810761904762
407,472.457933333334
116,111.355861904762
426,426.049304689392
78,90.8462833333334
389,577.389733333334
407,399.015666666667
504,458.313886901569
6,167.766233333333
433,433.766360290283
142,182.6513
767,609.320833333333
543,350.523557575757
306,342.608445454546
753,635.016533333333
320,319.144834782609
506,610.869042857143
529,231.057957142857
272,83.5137642857143
286,301.504371529889
539,529.539746587893
412,314.9693
58,69.0923047619048
468,467.591320095483
304,286.64623902439
364,391.407533273258
343,335.048547317266
77,112.322
183,223.056633333333
758,594.980933333333
384,397.557123809524
472,270.997142857143
511,487.296333333333
297,285.884490752933
345,344.993107692308
561,542.599772222222
13,29.3024
633,594.08527100122
330,350.969057142857
12,105.4681
581,580.018024506239
256,293.824
52,154.7323
425,489.09020952381
463,469.469733333333
442,450.724519915601
319,300.17833555947
502,463.271178571429
171,221.6785
286,351.7268
473,468.814438095238
27,73.6625502474134
592,529.125281068525
14,21.3674614607163
380,383.558382259571
329,328.992690013646
581,580.018024506239
535,514.5772
505,493.228048333333
320,364.624501298701
728,540.919688322247
634,616.003
381,365.016716666667
442,423.938652380952
72,56.0967490842491
271,269.083331747506
14,21.3674614607163
337,276.980496353646
296,300.626922222222
534,473.749566666666
426,426.049304689392
282,295.431833333333
766,739.800031074481
52,110.877602380952
336,338.001681864753
276,275.527214018335
480,451.15060952381
14,21.3674614607163
596,610.104166666667
343,335.048547317266
193,95.6618
310,339.234166666667
417,349.43164922324
79,58.8594297619048
365,366.657263057833
303,310.3179
415,415.209152634677
454,426.751869158548
364,380.305448717949
442,437.686644300144
402,430.560966666667
374,372.925453726114
631,662.154417171717
322,129.832123809524
173,211.546166666667
581,580.018024506239
14,21.3674614607163
365,392.390483948508
266,261.485019047619
442,450.724519915601
115,277.963045425391
410,416.907766666667
287,212.268066666667
512,525.903258823529
321,330.2049
426,426.049304689392
484,537.097948051948
355,347.522789186739
45,102.706579365079
303,297.467
492,480.544633333333
495,559.640309090909
127,214.4641
377,381.044085714286
469,423.616180952381
449,435.141890479987
656,555.907582467532
554,531.437193650794
581,580.018024506239
14,25.900190527511
198,173.424014285714
514,490.423133333333
92,118.483143426817
264,257.406433333333
643,643.055966666667
377,381.487875396825
94,104.669502930403
78,78.0494295093796
390,445.0665
407,411.631314393939
646,645.884948545607
44,47.6998077294686
365,345.65191851664
499,448.324386666666
626,518.827766666667
330,509.632344444444
43,36.536900999001
124,143.058311764706
276,275.527214018335
41,155.476533333333
501,475.257866666667
18,274.848426043449
619,547.635364285714
437,433.802009523809
388,412.356066666667
420,355.301333333333
424,387.841096825397
239,99.6043285714286
468,466.724000471616
385,370.650542688031
93,155.2768
331,330.863347877876
637,631.135685714285
439,416.192110034938
13,74.7319571428571
631,569.354355555556
327,359.9695
341,355.372659523809
340,395.087733333333
735,710.3649
67,118.821180952381
456,423.028984534051
479,438.7721866599
278,266.179533333333
468,466.724000471616
300,316.306333333333
158,83.0573698412699
186,340.576245238095
17,124.004331372549
468,457.707235413498
332,356.4984
696,694.7728
449,450.979143506493
258,255.123053846154
277,278.1613
496,481.108219047619
479,471.165056998557
439,331.6119
616,616.003
166,65.4053444444444
152,152.349364435564
493,475.803533333333
468,466.724000471616
408,463.749933333333
384,382.769523015873
170,279.551133333333
583,577.39507381595
404,384.780238020313
52,143.425933333333
247,342.301869047619
600,505.54507985348
224,211.663733333333
620,570.556067301875
51,52.3819666666667
426,426.049304689392
149,180.169591125541
652,639.652933333333
171,185.279566666667
499,320.527433333334
383,340.163366666667
457,409.05647027027
689,606.951933333333
148,367.841863095238
190,278.9387
250,261.344702564103
268,265.5481
622,625.506866666667
314,311.032802380952
428,428.153609523809
83,77.0188666666667
384,383.154112942613
751,652.1507
702,575.293685714286
487,524.189
322,320.765000793651
433,433.766360290283
436,371.018766666667
329,303.792033333333
228,226.4742
466,457.961666666667
15,283.379519047619
465,441.564013924444
548,508.812814285715
426,426.049304689392
565,521.528766666667
102,103.437831746032
332,335.201925299311
550,540.064396837944
329,294.757765337586
472,444.9406
406,392.604633333333
19,142.693633333333
384,387.587014285714
252,237.481660822511
426,426.049304689392
433,401.109597619048
384,378.787115506716
408,419.7746
74,87.1472380952381
339,341.413235212928
205,253.39975
330,366.028282539682
259,265.453336253513
332,317.255266666667
426,426.049304689392
34,67.6190317460318
556,462.8728
670,615.538233333333
468,442.933893290043
541,563.966666666667
553,507.625260406743
298,221.944566666667
244,307.540886813187
426,426.049304689392
343,342.910283348133
155,183.0818
14,21.3674614607163
376,373.65348939394
269,266.549052631579
696,694.7728
340,395.087733333333
412,378.023108151147
276,275.527214018335
767,327.971233333333
412,409.766833333333
662,540.308598412698
302,335.3452
164,214.646272649572
337,336.461374993634
553,482.282847186147
15,113.979033333333
10,102.579688888889
575,461.788497619048
659,638.541233333333
304,312.819341221228
236,238.579
368,285.936333333333
501,487.752697619047
743,611.249533333334
509,469.099666666667
501,493.760903571429
160,271.446653535353
53,61.6464
44,43.7416791677747
13,23.7121043290043
73,106.211974458874
365,352.417434870926
195,201.729966666667
280,279.98486031746
276,275.527214018335
327,311.564466666667
433,431.590604954989
433,433.766360290283
308,297.050013250518
349,313.166947297165
223,223.9996
419,549.616198420565
426,426.049304689392
130,136.515631359531
302,312.602356222432
273,272.18696139609
189,396.188012590188
281,311.428171428571
581,580.018024506239
501,478.275028571428
240,212.572566666667
428,393.72655
616,616.003
287,291.640877777778
398,385.267466666667
279,164.119891091184
579,547.782166666667
296,301.780054545454
331,330.36700770638
555,577.754376479076
496,418.740537604367
497,444.985371356422
536,258.074988888889
130,136.515631359531
581,578.226783535763
277,209.544519444445
408,401.417270814132
651,491.028866666667
574,438.709185714286
479,433.398433333333
43,43.8634841269841
538,525.584417647059
358,362.806414285714
14,21.3674614607163
353,474.778233488733
468,466.724000471616
79,90.4278190476191
275,264.843219047619
336,331.09620820712
308,516.162646969697
186,240.00315
18,159.588366666667
425,399.245466666667
449,524.437366666667
272,278.408166666667
276,275.527214018335
379,361.099827777778
553,540.574105555556
345,345.65191851664
442,450.724519915601
256,256.407700947711
468,466.724000471616
541,459.496166666667
276,275.527214018335
367,507.3478
316,315.628435064935
132,154.6621
429,477.498961904762
442,450.724519915601
290,299.08052692768
184,207.115698809524
14,21.3674614607163
581,575.169522039115
15,267.5598
50,116.991272161172
73,130.3685
381,367.562892929293
384,383.132814285714
13,158.019646764347
401,381.7494
53,56.8116115820241
465,439.264494535519
46,101.241933333333
461,483.8678
68,93.8539428571428
353,351.214112698412
134,186.3364
753,615.0236
313,352.396948268398
38,164.320152380952
369,427.46172470381
493,507.545709135472
146,183.548108258408
571,506.881866666667
741,584.718633333333
538,491.01105
5,21.974546031746
344,360.203357142857
468,466.042715578931
44,161.3029
501,141.755233333333
90,121.057233333333
336,331.09620820712
420,383.722311294771
594,322.716695238095
387,386.473394516671
0,100.083828267477
536,444.098433333333
303,386.933328571429
633,594.08527100122
170,206.7227
14,21.3674614607163
246,268.109
518,511.517815018315
217,262.662433333333
426,426.049304689392
336,331.09620820712
426,426.049304689392
310,310.3912
578,465.3454
486,458.693200392568
408,378.4557
276,275.194599802839
514,509.842319047619
484,495.247419607843
317,283.4238
416,423.4627956743
369,302.020783479532
275,275.009404761905
315,325.830999297644
324,317.03235
300,272.988774603175
496,436.0062
138,173.363080808081
12,91.2830427184466
396,393.746109090909
383,391.785242857143
698,598.9354
130,401.5774
315,315.045033333333
518,505.942088888889
111,432.641633333333
390,360.793733333333
608,531.540933333333
435,139.517028571429
426,426.049304689392
293,275.558422727273
669,643.231754545455
22,91.9129825396825
610,639.516523809524
426,426.049304689392
608,541.513725
433,433.766360290283
426,426.049304689392
530,504.136590476191
633,594.08527100122
460,459.303266666667
712,713.856330536131
573,659.500722222222
585,474.489526666667
741,584.718633333333
337,336.461374993634
665,685.7594
348,368.425533333333
426,426.049304689392
17,37.5481818132676
262,201.831693040293
674,556.542690476191
14,14.0397059102661
581,395.817833333334
294,282.050633333333
366,371.467164468865
753,645.432833333333
382,456.145804761905
146,167.566825396825
262,288.642795238095
468,457.707235413498
358,370.262933333333
581,580.018024506239
580,493.463935714285
397,460.273066666667
643,642.966033333333
408,397.694
314,235.2738
0,376.845966666666
657,614.4882
138,85.677987878788
72,283.850933333333
170,213.196076486671
660,103.4104
497,217.933495238095
461,432.37936016178
118,123.633666666667
332,330.022214285714
137,156.368176190476
633,594.08527100122
555,562.194818470418
232,393.826533333333
666,638.238688888889
514,469.720617016317
593,589.125833333333
194,205.6054
178,236.474333333333
602,420.094528571429
365,321.591865888712
417,394.8848
568,645.097819180527
221,221.745935714286
299,290.356659557986
53,53.2085718614719
345,345.65191851664
169,139.511
21,145.4762
337,337.107017364708
535,521.449379220779
5,62.1779343434343
468,466.724000471616
496,456.885109523809
546,500.797833333333
411,398.287533333333
241,274.972936363636
341,316.756025630252
169,179.136282539683
468,457.707235413498
233,202.702266666667
447,460.136883333333
27,97.5013307692308
503,491.420547619047
130,136.515631359531
443,477.885995238095
269,228.851866666667
246,295.297777011494
616,605.211877777778
282,285.07841863354
466,454.827482602351
176,213.2338
485,223.0695
290,307.673154545455
329,300.483563528139
4,126.438983333333
196,417.8845
659,580.1336
18,43.6513718392718
360,370.705884761905
347,370.948616686676
296,304.850204545455
581,580.018024506239
224,375.188385714286
94,416.9939
488,483.366472372072
153,157.8149
570,516.69238051948
300,321.319166666667
345,340.344111403509
77,120.140119047619
25,153.147902463806
433,433.766360290283
304,226.805366666667
384,383.964684666058
464,456.462033333333
586,501.518260084034
317,318.4855
412,314.9693
139,155.097811177178
452,454.63293974359
0,304.178766666666
44,62.9709126984127
185,328.808366666667
468,467.591320095483
468,466.724000471616
221,568.150201120448
48,82.5303333333333
394,363.482133333333
175,227.318147619048
235,235.553987878788
426,426.049304689392
340,563.7547
696,694.7728
538,481.997633333334
751,660.999392063492
44,43.7416791677747
442,450.724519915601
548,571.26645
641,640.011126190476
692,584.315316666667
426,426.049304689392
710,606.311547619048
372,390.658266666667
54,56.5224005328005
64,102.123
336,338.28685785725
345,344.993107692308
611,563.592966666667
314,315.931464393939
450,423.914228637149
426,426.049304689392
468,176.211057142857
189,395.723833333333
488,485.915494017094
3,74.9098354978355
512,478.403966666667
0,601.666433333333
0,171.566022002817
518,516.509238528138
187,222.846004761905
421,376.929614468864
17,37.5481818132676
494,455.377966666667
5,304.6199
256,271.448453516908
395,393.5192
441,451.219716666667
50,77.6494333333333
212,225.205252380952
330,301.626868253968
479,427.237902380952
283,351.938958730159
326,327.642010173138
737,494.6871
545,482.964810526316
207,171.485076190476
250,321.55731031746
601,498.897852597403
74,91.5631900432901
271,269.083331747506
340,347.01922063492
55,59.7789047619048
51,53.1201666666667
549,551.708263440753
398,392.603469047619
52,135.421666666667
343,335.048547317266
139,157.029266666667
321,251.535423809524
398,402.902088888889
581,580.018024506239
256,256.407700947711
309,311.30821104568
468,466.724000471616
434,400.151442857143
276,275.527214018335
345,345.65191851664
550,523.94
433,433.766360290283
615,606.403211111111
193,130.142245238095
66,149.808732128931
468,466.724000471616
426,426.049304689392
193,207.11400060495
326,327.642010173138
271,269.083331747506
405,393.463366666667
286,321.059466666667
159,208.7095
217,295.660109807932
426,414.456885725308
292,299.180329691877
276,275.527214018335
501,390.971529127684
273,296.16585
179,179.136282539683
357,356.028824394319
767,646.652374561404
207,201.8086
365,366.337759062238
419,412.903638095238
540,500.660969599889
413,403.177607359307
458,378.477366666666
325,334.376
752,565.237796491228
322,322.025227974919
411,222.139133333333
539,520.188233333333
623,553.864428571429
500,428.179533333333
6,133.574366666667
331,331.000909026235
0,150.2994
631,662.154417171717
442,450.724519915601
131,136.877147619048
318,318.982023671498
175,205.693728768414
130,136.515631359531
351,350.693919047619
622,461.4325
503,451.246966666667
413,373.218448717949
11,142.951066666667
322,248.152626666667
539,529.539746587893
147,209.353583333333
426,426.049304689392
534,547.454823931624
426,426.049304689392
516,491.102710622711
296,306.538566666667
21,28.5030118326118
548,523.866147619048
415,377.9987
88,428.276166666667
12,184.207666666667
326,326.920462254837
471,405.585533333333
645,349.004133333333
709,739.800031074481
294,306.069766666667
515,432.357165295815
552,548.855659218559
666,703.575485714286
503,373.271361904762
332,421.198933333333
579,539.031812800942
203,229.157133333333
54,156.298647619048
573,483.569522567288
175,202.2043
17,37.5481818132676
129,123.0864
237,406.572141025641
177,311.554802020202
395,380.619333333333
449,448.941666666667
18,97.0682452380952
364,354.766755636955
426,426.049304689392
65,295.671466666667
445,329.865183333333
121,133.5775
325,268.213955952381
659,637.924493650793
484,449.613675152625
656,623.950822222223
426,426.049304689392
279,290.098833333333
74,78.6262666666667
523,364.0703
618,571.519753968254
543,515.43507069597
130,145.664900381902
468,464.176293307587
426,426.049304689392
261,290.671833333333
242,298.780677777778
360,341.621033333333
0,148.973033333333
744,694.068533333333
441,398.212566666667
387,365.954909523809
271,269.083331747506
399,378.2015
336,341.429566666666
370,422.802433333333
349,313.166947297165
139,162.572182539683
454,388.12155408501
555,458.4515
282,289.495702380952
334,168.789269047619
645,644.779933333333
21,132.544
3,114.9217
467,444.849553968254
413,372.550666666667
438,401.08369592499
7,157.768114285714
468,466.724000471616
469,457.180054572485
14,14.0397059102661
361,356.422599789916
66,207.531133333333
439,423.7521
273,297.219341269841
426,426.049304689392
51,79.37875
79,88.8340589794044
745,642.528933333334
653,592.862066666667
279,289.709404761905
766,691.779019047619
207,312.785893601053
14,21.3674614607163
496,486.401852380952
490,479.684933333333
320,265.9230985358
645,532.682366666667
197,271.368433333333
766,739.800031074481
159,172.557304761905
14,21.3674614607163
309,404.985633333333
77,153.378883333333
463,83.2616
357,358.658479027944
330,395.052966666666
213,248.058108432953
448,425.555033333333
130,141.147991940996
259,265.732169586846
243,275.361633333333
461,377.1256
612,576.524780086581
14,21.3674614607163
619,576.9351
326,410.714938095238
743,632.262
310,310.3912
55,107.578480952381
270,347.9627
390,488.044511881978
360,356.252866666667
271,335.190233333333
5,71.5740063492063
17,37.5481818132676
412,395.124138095238
451,379.591362091503
55,59.7789047619048
493,473.9875
759,644.110554761904
514,587.604268253969
372,358.857771674086
522,486.784238095238
14,21.3674614607163
353,315.7113
663,652.886733333333
442,450.724519915601
391,379.023971353646
487,392.978310573043
447,387.092333333334
37,123.552166666667
378,274.556322222222
493,497.873733333333
446,452.109790476191
53,94.4572253968253
142,138.730003108003
46,112.69608974359
77,102.275662698413
404,395.017544083694
315,378.148633333333
273,339.287833333333
426,426.049304689392
519,508.6461
639,574.20795
426,426.049304689392
541,535.471023433584
426,426.049304689392
654,649.429580952381
521,514.706902380952
321,319.509359365079
684,600.002447619048
282,257.504433333333
273,221.065566666667
433,433.766360290283
581,580.018024506239
173,147.534686040757
544,459.465066666667
433,419.134212307098
425,164.708166666667
41,95.566251981352
310,428.332066666667
426,426.049304689392
312,318.098547619048
104,142.643674725275
644,645.056266666667
87,421.804564102564
214,204.167915134865
13,44.0785
423,208.098266666667
302,328.183166666667
426,422.958744316805
448,320.126466666667
757,603.950380952381
300,316.306333333333
433,433.766360290283
343,349.511108263305
59,115.328852380952
0,100.083828267477
17,28.9772223634553
410,387.777633333333
468,456.557184057794
468,467.591320095483
396,441.109392481203
14,21.3674614607163
256,171.4455
19,200.592114285714
275,279.742357142857
445,425.67805
490,453.316157142857
14,21.3674614607163
322,316.725672856066
314,316.545366666667
48,254.410119047619
43,158.851233333333
227,271.353885714286
311,304.4449
553,507.625260406743
609,582.4383
397,358.917068873403
462,445.3667
72,117.780033333333
326,327.642010173138
319,319.873490476191
527,402.046454761905
474,489.694233333333
484,129.53109047619
139,162.572182539683
208,230.302266666667
406,387.72910952381
343,335.048547317266
44,43.7416791677747
263,270.898650793651
344,332.046384057971
14,21.3674614607163
176,180.946247619048
44,129.155133333333
171,90.9188483516483
745,655.309666666666
313,368.773266666666
321,295.081080663781
334,332.298261677326
276,275.527214018335
562,414.352364268293
501,488.170245238095
426,426.049304689392
589,558.329566349207
345,345.190946840655
686,417.023866666667
355,375.433116666667
260,260.125885897436
472,460.3115
233,249.8108
443,447.707985714286
43,104.889633333333
509,460.89173030303
320,318.9869
214,95.2476
288,284.98892449024
230,235.607866666667
78,89.0992880952381
336,331.09620820712
14,21.3674614607163
372,373.100264285714
81,115.5685
281,229.9983
627,617.983566666667
433,433.766360290283
460,287.646654385965
300,272.261009793401
429,405.189031127383
425,426.049304689392
752,630.350366666666
17,37.5481818132676
484,490.916068965517
48,117.385316161616
738,671.135742857143
74,101.0114
14,14.0397059102661
651,573.170832279314
445,395.312473333333
330,330.2049
331,249.064825641026
435,301.2156
107,202.953866666667
392,388.639677744478
664,670.284933333333
358,359.261708345358
9,50.2947593406593
337,340.63629779232
326,327.642010173138
426,426.049304689392
195,227.531393441852
767,610.948238095238
535,418.311976190476
442,445.655154761905
221,223.647333333333
213,213.838538743283
185,196.184306060606
420,352.585033333333
477,227.2803
553,520.551155866356
398,455.428465384615
44,43.7416791677747
331,330.863347877876
315,348.940883333333
616,616.003
581,580.018024506239
686,444.549047619048
548,571.26645
522,525.386851515151
458,429.89301474359
581,580.018024506239
321,321.200522222222
154,203.8251
539,554.4501
298,299.980250877193
535,531.023633333333
310,310.3912
575,436.064066666667
44,43.7416791677747
537,562.319666666667
450,415.763140350877
78,78.1393961760462
241,243.612947619048
337,336.461374993634
303,298.332766666667
343,331.485465882509
422,574.064758225108
767,597.922240350877
379,371.249833333333
433,446.040368514088
350,313.744282539683
384,372.060607017544
491,404.779266666667
746,613.852466666667
129,146.10485
357,358.241498075563
343,335.048547317266
130,300.172015384615
44,43.7416791677747
374,367.912290909091
173,218.504833333333
493,481.9097
563,680.017812687313
14,15.0846545033398
70,85.3623112742916
548,561.208716666667
17,26.363627983128
44,106.439271284271
6,109.367377777778
631,662.154417171717
635,627.7577
236,268.900191869919
298,365.21753015873
315,325.830999297644
479,422.126
13,60.1783212172043
16,283.255133333333
377,347.678073015873
68,151.031233333333
689,371.184661904762
115,191.934466666667
106,95.5044875901876
136,137.717630958094
15,283.379519047619
425,238.839066666667
375,322.935933333333
188,193.042343567544
317,296.600188888889
14,21.3674614607163
341,504.733782350982
331,337.166333333334
293,292.3259
346,341.049133333333
207,205.6313
162,159.7928
54,73.2730913419914
523,451.20625188184
745,605.196166666667
468,457.707235413498
511,494.2909
209,212.782884126984
262,295.441395238095
147,191.638566666667
61,79.3942
581,580.018024506239
314,309.699130952381
703,653.607344444444
442,450.724519915601
348,341.392550793651
68,185.012033333333
313,332.739833333333
428,385.134754112554
358,363.249702380952
437,407.8629
14,21.3674614607163
82,110.138234632035
167,216.3023
736,612.932033333333
659,637.924493650793
477,467.90852077895
718,507.000695238095
725,607.397266666667
699,627.535166666667
61,84.0360428571429
450,433.3556
343,348.732396657047
423,425.437157599733
530,520.8834
117,127.248688311688
276,275.527214018335
183,216.917466666667
146,178.860327838828
390,373.3725
365,366.337759062238
130,139.533265890412
484,476.300047619048
11,141.937670573871
518,460.544666666667
271,269.083331747506
543,543.234433333333
276,275.527214018335
361,294.783818181818
377,506.998266666667
433,433.766360290283
433,433.766360290283
169,176.974584920635
145,137.195966666667
523,674.68499047619
539,529.539746587893
274,123.463706493507
538,523.474166666667
330,368.627133333333
749,440.20908974359
324,171.984014285714
433,433.766360290283
548,539.855414285714
41,53.8268563492064
251,337.162508333333
186,225.420361904762
467,426.095333333333
538,540.320487719298
380,360.759737133237
44,53.784130952381
45,57.6615333333333
277,141.4447
324,419.8978
464,450.785060690008
513,485.4706
193,241.259506959707
542,527.591745975009
170,158.4439
411,222.139133333333
46,407.424833333333
276,275.527214018335
13,171.03555
613,530.5743
435,414.9097
501,475.83915
15,127.658928571429
157,179.628433333333
528,563.917633333333
315,346.170466666667
399,365.004390842491
426,426.049304689392
312,397.112324413145
369,340.72415952381
489,480.458103030303
74,62.7145285714286
663,667.565933333333
641,565.3277
156,535.878249206349
640,633.499869047619
457,434.896766666667
367,377.757534632035
131,132.347555555556
592,507.796637902449
426,426.049304689392
293,305.067650877193
408,400.271478393746
663,466.784638095238
455,516.830133333333
79,88.6356605042016
426,426.049304689392
172,424.996238095238
200,395.908354761905
589,276.991875742909
271,269.711588322173
74,81.0444142857143
433,433.766360290283
278,340.720433333333
299,278.85843015873
381,456.511258441558
74,146.325166666667
587,483.402066666666
567,639.909366666667
188,97.6580490196079
503,479.919033333334
215,195.887795238095
357,347.932133333333
426,426.049304689392
67,127.6677
423,454.101433333333
433,433.766360290283
162,149.204416068581
234,247.252117099567
99,98.2456333333334
220,181.546766666667
128,146.248139393939
419,412.849425647534
44,48.4397619047619
480,304.1389
10,565.27184004329
53,59.6915999999999
323,317.164166666667
14,21.3674614607163
522,333.076373529412
592,531.8033
162,227.961453333333
511,565.582847435898
321,277.389647619048
227,306.43154235589
492,442.0426
125,138.952496300758
504,434.616257142857
314,322.238233333333
527,524.9967
645,608.839328571429
258,260.812966666667
426,420.888609405246
373,445.365756410257
141,151.560266666667
332,364.258466666667
699,561.963878787879
30,122.501466666667
117,133.403108132073
159,143.35695
411,409.671566666667
441,440.960528571429
747,642.759733333333
581,580.018024506239
379,384.571431080358
102,100.234116161616
134,18.8501746031746
555,568.962133333333
54,56.5224005328005
548,514.774466666666
646,645.016485847194
17,37.5481818132676
27,97.5013307692308
504,488.345866666667
504,528.192129508727
546,528.1607
601,570.9583
151,175.342266666667
71,54.9205490842491
554,551.133147407663
468,466.724000471616
314,316.43162034632
123,136.664242857143
319,276.394519448686
578,490.357833333334
468,435.8397
703,626.020683333333
21,67.8445
343,354.863669191919
750,660.056052380952
44,88.7217085470085
302,303.541433333333
382,396.216393333334
462,468.251745743146
330,334.471105481263
659,595.90629040404
519,511.108674603175
54,107.564533333333
14,21.3674614607163
412,389.872963263299
321,319.123555555556
159,208.7095
343,335.048547317266
525,460.055789026915
283,273.180007142857
77,132.275828571429
433,433.766360290283
603,529.178866666666
356,342.910283348133
127,227.655933333333
361,359.720841269841
426,426.049304689392
426,401.94696041047
136,133.111541844069
195,123.283861904762
338,362.813835622711
265,268.257623520924
763,467.417133333333
38,130.019333333333
333,447.104867539795
18,24.84122999958
401,473.710533333333
63,140.078392673993
581,580.018024506239
14,21.3674614607163
468,466.724000471616
663,576.891756521739
339,191.8637
433,433.766360290283
43,34.1006248085248
663,466.784638095238
357,341.510477777778
750,686.893666666667
278,547.44913030303
423,270.616643176122
440,412.297197619048
459,462.970055844156
426,426.049304689392
635,535.238623809524
439,429.715066666667
396,395.617752380952
51,57.2690333333333
522,479.632004761905
142,387.300496153846
64,145.851733333333
84,106.851933333333
336,336.004533333333
224,206.5866
549,543.9085
671,310.3912
160,213.230333333333
426,426.049304689392
468,466.724000471616
41,153.011615942029
376,410.647490200391
678,647.188196825397
594,490.677633333333
225,140.382347974575
398,387.832866666666
572,582.2415
509,501.929324242424
426,426.049304689392
408,422.212766666667
339,328.589818099736
312,320.616591358641
619,420.319366666667
14,21.3674614607163
9,129.7978
337,339.159466666667
593,534.629266666667
503,686.087609523809
395,400.339016666667
18,149.832533333333
48,212.2961
246,269.877927106227
426,426.049304689392
248,59.7789047619048
506,502.206266666666
337,336.628842570501
53,55.5326476190476
18,24.84122999958
116,114.8993
123,116.67988023088
56,62.3733380952381
357,351.593979163429
433,433.766360290283
208,234.156433333333
336,440.006233333333
682,591.831766666667
608,556.506636694678
437,495.3473
566,560.084774720721
21,65.4359109078815
645,624.868480952381
520,512.734780147834
231,259.358366666667
505,475.282971428571
20,20.0280076923077
147,199.330166666667
286,294.709733333333
107,75.1727506069094
614,472.528066666666
433,433.766360290283
507,616.780133333333
433,433.766360290283
47,179.958677777778
466,438.530804761905
257,261.263827059052
235,235.553987878788
501,504.179333333333
64,80.4429928571429
414,419.866068572277
139,163.299672411799
5,118.24718974359
349,393.2975003663
527,568.954438095238
14,21.3674614607163
53,54.2257446941947
322,322.728736103896
643,643.0187
572,619.061145682095
305,301.871561904762
361,343.893333333333
316,309.588068548842
442,450.724519915601
23,198.733244444444
374,400.368642857143
329,508.6461
543,589.070333333334
130,136.515631359531
514,475.315666666667
479,465.380116666667
581,580.018024506239
345,345.65191851664
374,380.014724242424
91,135.2092
123,106.211974458874
434,404.365966666667
281,275.984076190476
386,391.479441630592
315,305.2589
329,336.873166666667
598,682.553926190476
395,422.287033333333
11,64.7772666666667
560,504.404466666666
183,220.922333333333
244,182.890252136752
128,182.542533333333
68,134.738233333333
586,567.933133333333
659,439.298271428572
683,540.115046631459
345,345.65191851664
257,259.047131682207
393,389.238283333334
542,536.7987
319,328.161119047619
384,360.451860114057
147,159.550133333333
331,390.456135497835
216,176.15449047619
764,686.913566666667
82,105.045874603175
421,407.559581261157
426,426.049304689392
382,243.236833333333
426,426.049304689392
613,576.5147
14,21.3674614607163
166,183.233433333333
390,381.368766666667
219,510.233666666667
450,516.581066666667
114,138.95
433,433.766360290283
528,530.751308013032
657,566.4232
434,408.600943859649
14,21.3674614607163
416,518.268033333334
704,572.161266666667
325,332.055638095238
426,426.049304689392
70,496.483233333333
193,196.740533333333
387,374.8714
122,190.573507692308
44,63.2491761904762
14,21.3674614607163
441,502.285437810435
539,529.539746587893
748,558.603333333334
354,352.186703878139
374,400.368642857143
538,396.3111
161,342.701233333333
616,607.569066666667
701,611.8981
375,369.17274047619
759,645.493866666667
283,294.722167647059
174,238.311604761905
374,382.382866666667
14,21.3674614607163
50,111.026366483516
279,354.729340384616
441,293.322183333333
767,519.5542
548,459.287833333333
501,504.179333333333
323,498.778766666667
263,274.853447619048
329,294.757765337586
745,605.196166666667
170,212.704366666667
151,400.661624242424
475,438.911938302278
428,410.42110952381
175,219.078166666667
355,315.403266666667
339,347.835617639199
486,436.3013
228,321.62141754386
426,459.800333333333
148,158.475256709957
226,315.007766666667
32,67.8811
371,362.205891860089
316,302.479615079365
331,401.174566666667
637,634.177857142857
414,67.2465445932138
323,334.062859376053
278,292.457166666667
520,422.073076190476
616,616.003
509,488.035057142857
271,269.083331747506
319,413.530875387661
376,395.264333333333
310,632.633166666667
516,175.534366666667
365,367.457897163376
766,658.422673809524
355,315.403266666667
345,345.65191851664
243,262.089408730159
72,78.0474000000001
48,117.385316161616
147,192.946823809524
6,167.766233333333
468,466.724000471616
276,275.527214018335
611,545.113433333333
254,264.724261111111
130,136.515631359531
74,87.1472380952381
213,213.970022565017
426,426.049304689392
426,426.049304689392
744,591.979733333333
243,257.238066666667
414,397.593076406926
485,481.5954
286,309.705233333334
688,592.423954545455
633,590.859808058608
14,21.3674614607163
274,289.564581974759
56,66.4901380952381
419,341.550690476191
538,558.382066666666
392,457.772015285171
68,135.105966666667
494,529.491575324675
271,269.083331747506
288,392.132466666667
596,585.110466666667
353,398.32811043956
752,720.144155555556
357,359.030219853458
665,583.0916
398,392.603469047619
301,342.8923
766,465.270933333333
238,127.428842424242
441,451.219716666667
486,550.015711904762
15,215.538424315047
582,517.485366666666
696,614.219790476191
341,504.733782350982
410,401.938113308913
164,245.953733333333
174,198.954904278075
442,450.724519915601
341,480.129756954157
62,287.128933333333
426,411.074793131494
6,89.6742678932179
260,259.047131682207
196,198.347533333333
132,166.748833333333
273,348.410138095238
321,306.868171428571
151,210.436855555556
438,342.5612
340,338.088449134199
105,177.757233333333
426,426.049304689392
162,176.142522222222
607,609.470952380952
426,426.049304689392
402,386.100683333333
105,313.011033333333
534,140.5643
764,627.409
460,214.417166666667
102,101.671806637807
468,466.724000471616
276,295.28531914099
444,458.836266666667
343,335.048547317266
302,294.938608730159
555,545.953463492063
13,23.4785424242424
462,272.762244494949
396,393.746109090909
542,545.323856382506
303,304.996866666667
316,406.129933333333
211,206.586771428571
321,302.350604761905
573,568.550975741318
450,449.857136363636
122,224.2054
205,294.135566666667
468,458.372666666667
465,438.369416696566
325,369.062133333333
286,301.9526
595,638.370333333333
276,275.527214018335
757,653.926452380952
528,528.970166666667
589,591.422833333334
341,311.566566666667
468,457.707235413498
767,606.036004761905
575,362.055346153846
581,424.369033333334
296,301.780054545454
280,88.0691031746032
342,304.867228571429
484,439.486966666667
343,354.487890336134
571,515.457789215687
443,395.70745
357,352.5265
600,592.783742857143
377,380.927185714286
426,426.049304689392
18,187.7971
502,514.383278571428
475,435.557066666667
400,400.008
502,479.848729824561
5,88.884805039405
461,455.742366666667
587,270.3578
431,345.618833333333
136,136.772761336505
462,434.295362562601
338,335.751061471861
203,213.557064285714
475,448.201364341802
252,258.130067832168
252,643.940047619047
460,327.366910958904
515,479.260488888889
395,406.899377777778
480,554.585066666667
662,592.55523044733
638,578.758826190476
229,159.589047619048
258,218.468623809524
8,120.906033333333
372,371.949315151515
426,429.060248701299
13,143.8259
432,406.830864207714
433,433.766360290283
3,217.041076190476
78,195.009676190476
433,433.766360290283
377,405.9092
297,264.087708731809
191,721.034633333333
113,154.800833333333
523,518.3825
737,684.16740952381
426,426.049304689392
95,100.437666666667
646,591.510966666667
304,312.819341221228
148,161.612036219336
247,273.7315
68,114.7221
297,305.528657142857
172,173.981622588523
276,275.527214018335
113,215.420866666667
398,405.545313764
426,426.049304689392
581,580.018024506239
271,276.272308726945
314,394.218733333333
339,336.548745253395
193,196.1337
18,68.6589666666667
519,515.319566666667
620,615.945142857143
365,366.337759062238
466,440.378166666667
198,491.903833333333
395,399.744881045752
273,272.176465000003
327,322.675526677571
486,432.723392557797
361,350.445414285714
190,217.7924
441,441.011523076923
130,136.515631359531
547,466.693271428572
633,594.08527100122
341,504.733782350982
65,99.4168111111111
199,136.0628
172,542.341247619048
58,139.874446031746
445,416.83533328017
748,448.124233333333
317,344.39354783659
14,21.3674614607163
515,511.990191208791
392,300.197227272727
458,373.905178526656
130,141.147991940996
137,173.734142424242
449,481.786035064935
273,272.176465000003
335,318.098533333334
14,21.3674614607163
479,475.457235795307
631,662.154417171717
472,414.095971428572
386,389.245166666667
235,237.326246608947
276,275.527214018335
333,203.8463
56,123.312096836497
706,654.214437728938
426,411.074793131494
300,284.286062732589
622,570.445966666667
560,545.253655555555
354,392.760116666667
553,593.918933333334
148,252.6609
331,330.863347877876
357,307.980266666667
603,588.419933333333
426,426.049304689392
683,396.023366666667
221,222.246933333333
579,440.845334782609
395,493.400031578947
17,37.5481818132676
433,420.527761893374
468,460.09174731826
443,432.058457142857
760,688.870357142857
751,537.568966666667
39,237.740412820513
581,532.742072416434
644,568.370566666667
169,191.741577289377
311,203.782158974359
580,565.918547619048
261,278.576333333333
172,291.9756
502,491.501476190476
338,317.711004761905
467,428.530733333333
364,335.974627739779
426,426.049304689392
652,654.847999267399
434,412.229355677656
623,413.101033333333
100,232.446666666667
540,497.814722222222
152,218.946233333333
433,433.766360290283
393,375.858596112714
167,235.4156
337,336.461374993634
348,355.044195887446
242,276.250466666667
417,436.5681
538,360.860477777778
52,180.53916302368
732,636.788459941521
501,448.843222727273
72,117.498433333333
326,324.208004761905
700,689.180433333333
440,293.340133333333
14,52.3819666666667
77,132.275828571429
276,275.527214018335
378,372.936542857143
426,426.049304689392
21,37.5329840893406
314,405.910733333334
271,269.083331747506
319,314.060294444444
405,393.5895
337,345.426811111111
136,133.111541844069
350,350.410052063492
303,86.9063761904762
565,521.528766666667
650,647.164047619047
608,450.724519915601
86,154.268480952381
164,213.928186080586
493,465.697526086957
318,318.982023671498
327,359.9695
333,364.19
490,466.1278
242,289.99125048285
271,269.083331747506
536,538.574293374741
321,309.06041372549
589,591.422833333334
161,240.195344444444
425,401.644411111111
468,466.724000471616
536,605.1075
34,74.4855
271,269.083331747506
37,209.049933333333
643,536.888466666667
359,333.866166666667
125,164.463366666667
539,529.539746587893
426,426.049304689392
616,616.003
123,154.66100681606
252,263.7716
396,388.677245064739
76,115.938433333333
468,466.724000471616
387,386.473394516671
51,52.3819666666667
387,386.473394516671
556,542.279123809524
426,426.049304689392
286,297.326433333333
380,402.17418726953
337,488.485466666667
375,355.810009523809
110,68.9348831168832
404,406.915533333333
6,120.3404
213,210.346128932179
54,56.5870444444444
377,381.487875396825
276,275.527214018335
51,120.061866666667
581,580.018024506239
691,652.321725396826
219,410.143728571429
489,509.323715018315
467,481.080433333333
420,289.210697008547
333,447.104867539795
111,228.536366666667
38,164.320152380952
304,316.738504761905
207,273.824366666667
130,150.443362091503
46,84.7659333333334
569,550.835965484109
275,275.009404761905
107,202.953866666667
307,306.301866666667
44,131.143112698413
453,452.046387670711
44,105.097966666667
77,111.820533333333
369,380.716253035853
75,105.347133333333
247,273.045266666667
7,155.5914
44,49.6318272589729
433,433.766360290283
331,330.863347877876
262,269.464533333333
209,233.538066666667
273,272.509006965842
483,334.456714252414
542,545.323856382506
44,58.6849333333333
362,363.113414285714
484,529.103331578947
43,44.8322405439971
437,368.971965914787
66,134.711904761905
244,253.730266666667
342,345.230928571429
472,396.0378
343,350.635564583564
579,520.349816017316
417,174.530480552781
0,226.8788
369,389.941966666667
373,422.906366666666
548,537.778433333333
433,433.766360290283
51,123.285833333333
194,196.870826190476
140,349.638704395604
131,292.165641176471
541,550.025441269841
341,480.129756954157
252,191.55170952381
277,228.742403609377
395,392.313833333333
276,275.527214018335
520,520.046490408122
402,401.695823605153
17,37.5481818132676
468,466.724000471616
293,684.318816666667
374,359.5615
345,345.65191851664
72,219.416066666667
94,101.762995238095
674,679.388366666667
450,415.763140350877
668,670.948866666668
682,389.46210180624
453,495.707382091097
359,299.22110952381
442,450.724519915601
269,228.851866666667
44,91.1816333333335
283,293.573824242424
181,210.035109090909
151,161.286052380952
468,466.724000471616
562,546.188741919584
648,412.763366666667
468,466.724000471616
671,670.418533333333
204,213.355566666667
60,131.01581509434
74,129.645933333333
576,545.93705
540,406.38699047619
438,592.509087301587
396,403.262547619047
573,659.500722222222
317,314.863
412,392.311795238095
512,509.072949206349
433,433.766360290283
20,101.908
188,198.774633333333
128,214.986224819625
152,174.381033333333
385,363.289066666667
412,456.157202380952
276,275.527214018335
471,466.63817642847
336,331.09620820712
493,493.667352380952
523,524.670802380953
535,346.412361904762
445,446.377466666667
423,394.121433333333
310,338.5388
212,214.792366666667
275,270.312966666667
350,355.609705263158
459,426.204345614035
447,418.599447204969
358,361.069761904762
463,338.134766666667
553,535.287733333333
339,342.097888888889
108,483.988306015038
395,265.000414285714
14,21.3674614607163
290,454.373188888889
127,138.2355
345,345.65191851664
344,353.107577777778
378,351.883795238095
14,21.3674614607163
214,201.799685353535
0,601.666433333333
311,266.1669
148,163.245712454212
365,366.337759062238
581,580.018024506239
173,211.3747
387,387.682692717087
43,34.1006248085248
428,373.229011602713
408,268.0422
543,575.699433333333
179,179.136282539683
51,52.3819666666667
10,161.857702228047
41,147.942366666667
16,141.470033333333
627,101.847361904762
44,81.9019666666667
305,362.352354578755
181,195.0452
74,69.0923047619048
14,14.0397059102661
417,261.483216666667
327,324.012367306893
48,87.5385
199,198.962866666667
433,442.234066666667
426,426.049304689392
581,572.715333333333
425,445.202469558799
42,153.218614863502
507,433.642879903006
657,481.460666666667
14,13.7290545033398
13,95.2653066755674
107,75.1727506069094
426,426.049304689392
560,520.686633333333
275,461.484366666667
15,61.2908857142857
431,417.51649082753
545,568.281233333333
341,262.510766666667
240,274.056933333333
610,603.561777777778
514,518.459690476191
298,379.226512770563
465,127.824271428571
326,326.172012091616
338,587.397880952381
53,112.164276190476
298,300.1778
291,329.376691452992
413,630.700885714286
502,587.542004761905
366,204.482463003663
767,627.922933333333
44,44.0977707570207
387,386.473394516671
600,505.54507985348
463,393.295083333333
74,88.0191838827839
331,367.829233333333
491,458.9656
650,528.967233333333
465,465.21975034965
406,366.982628571428
288,252.730633333333
17,49.4155148754627
294,308.569495238095
379,386.847343040293
426,426.049304689392
753,627.649412698413
259,512.725533333333
282,285.409457142857
442,436.7179
683,630.564109523809
646,643.008407275765
465,495.033552380953
426,426.049304689392
423,270.108384126984
539,529.539746587893
246,268.958588888889
634,627.330633333333
196,200.740533333333
179,196.189836796537
179,222.246933333333
171,181.7249
14,21.3674614607163
122,214.184133333333
314,305.979176984127
758,692.678209523809
218,174.795488888889
277,273.127066666667
517,496.6184
551,510.134784461153
354,356.032766859456
438,419.182833333333
243,217.88362642853
189,235.7275
367,294.502518903319
431,398.529433333333
299,402.648933333333
309,260.061185167464
416,400.0546956743
276,275.527214018335
181,214.078666666667
130,136.515631359531
526,485.968920551378
9,143.718541269841
15,99.3855666666666
426,426.049304689392
331,330.863347877876
250,131.3681
553,553.745057953157
14,21.3674614607163
143,234.832866666667
338,335.751061471861
174,325.925172727273
15,55.6718666666667
310,402.72470945946
651,630.155866666667
290,286.87
21,27.8878118326118
479,395.863766666667
464,461.387366666667
420,404.715866666666
426,426.049304689392
326,327.904638095238
469,409.929154901961
648,611.806224561403
360,354.792366666667
654,678.080471428572
94,133.958183333333
51,52.3819666666667
402,398.820091399506
334,333.768727227883
663,466.784638095238
378,349.884579365079
598,125.194066666667
327,306.955033333333
282,293.238666666667
14,30.1735437134653
631,647.771131457432
14,21.3674614607163
742,493.644866666667
99,217.578933333333
12,185.257266666667
233,226.009017316017
406,438.299066666667
74,188.963913067325
326,327.642010173138
288,376.595833333333
70,136.947496825397
475,459.349333333333
307,308.505616260163
266,280.519652631579
420,381.167851675562
337,360.307712698413
250,297.918938095238
296,403.278733333333
44,155.208757142857
357,358.241498075563
181,195.033666666667
46,127.831801648352
468,466.724000471616
347,518.82480952381
28,234.472257142857
655,316.414366666667
85,205.258966666667
48,97.1271666666667
481,420.881433333333
518,498.720946825396
343,288.879533333333
363,269.932616666667
165,174.6746
596,608.311185964912
551,524.758834598082
371,310.519433333333
361,355.758977777778
468,498.442654578755
20,110.3029
426,426.049304689392
501,503.651
459,399.6978
63,123.3236
683,680.017812687313
100,255.6687
219,245.133755555556
355,355.979630769231
426,426.049304689392
91,115.189233333333
51,72.408761904762
351,556.4212
466,390.075304761905
165,182.891755555556
276,275.527214018335
324,362.606919047619
327,322.675526677571
226,407.750788311688
504,444.733368213111
118,119.169715079365
431,365.41
410,427.529966666667
553,593.918933333334
138,263.904628138528
405,425.0427
44,105.097966666667
716,509.376133333333
379,447.5943
225,271.901066666666
367,383.438040623429
525,538.690166666667
397,394.36245
519,510.18106
184,200.501366666667
473,482.083585714286
14,21.3674614607163
0,588.935912945242
249,262.701533333333
189,81.8435571428571
183,125.80059047619
173,227.612647562206
318,256.9671
345,345.65191851664
766,739.800031074481
353,498.7244
383,351.6225
13,82.5549438454151
401,356.198876190476
364,413.2842
134,146.9989
466,431.948366666667
452,414.997717532467
600,580.018024506239
426,393.156809055425
417,459.54109047619
312,429.2805
281,244.508
475,451.381043466927
646,645.097819180527
611,535.619129792429
501,454.517366666667
51,52.3819666666667
39,95.0053568086884
423,393.678745959596
478,217.436918713842
101,398.493031469979
429,462.635882417582
416,370.4784
310,304.526933333333
460,463.632066666667
545,529.229628571428
426,426.049304689392
1,162.296252380952
159,151.883758823529
481,441.072061904762
14,21.3674614607163
307,314.106333333333
139,205.7524
92,90.5631714285714
261,273.014037209302
332,336.620890470251
562,493.574777777778
313,292.1735
214,201.799685353535
541,580.9627
459,526.386404040404
12,71.1828466386554
413,389.224514285714
433,433.766360290283
442,450.724519915601
426,426.049304689392
374,377.71785
752,663.268933333333
371,476.1992
157,159.260384781885
526,464.1596
41,29.0533653679654
253,286.811322222222
21,133.286087916908
528,498.528966666667
14,21.3674614607163
461,444.905666666667
683,671.673261904762
757,566.195466666667
426,426.049304689392
393,343.513771439964
449,481.786035064935
426,426.049304689392
175,235.627466666667
335,331.707389998111
488,502.729566666667
377,381.487875396825
665,525.970233333333
367,360.218912698413
426,426.049304689392
186,194.039766666667
265,249.0332
12,99.7055056518645
18,171.022833333333
135,103.193780952381
486,453.504866666666
343,362.198912698412
468,466.724000471616
53,56.8168208846709
70,72.4572158730159
339,347.835617639199
64,81.8828571428571
128,134.7697
432,413.494538095238
238,127.428842424242
445,461.408388609072
432,397.479333333333
136,133.111541844069
17,37.5481818132676
382,431.736438095238
390,435.888366666667
276,268.437427471402
474,392.988433333333
123,136.664242857143
348,349.539644372294
345,338.698467897409
328,379.782703759399
17,37.5481818132676
154,177.947270634921
451,416.293501800978
426,356.24918974359
468,457.707235413498
407,406.915533333333
158,83.0573698412699
426,426.049304689392
43,30.8810724275724
177,251.113866233766
420,406.150766666667
14,127.323953624745
45,45.5743604395604
41,269.6448
459,466.730613761939
99,149.020064285714
266,281.748291520468
520,514.810006982872
730,713.856330536131
14,21.3674614607163
8,84.5331666666666
42,101.004080952381
337,336.461374993634
635,632.341761904762
751,729.0788
519,498.1884
386,528.532261904762
326,327.642010173138
221,209.058551298701
276,275.527214018335
679,682.617857142857
380,381.487875396825
265,251.067266666667
78,191.4138
530,501.718630151118
14,21.3674614607163
40,92.419105053307
14,21.3674614607163
350,351.8006
379,484.0954
149,106.5064
741,627.165166666667
696,663.3589
625,596.606466666666
68,185.012033333333
66,207.531133333333
494,442.132185714286
596,472.179542857143
62,121.918166666667
588,587.836866666667
134,173.308233333333
413,399.7952
2,181.687733333333
451,285.055201449275
362,360.118191596639
564,511.878733333333
242,240.960389393939
608,554.944733333333
278,127.766382539682
320,320.051804347826
689,605.7128
263,274.853447619048
276,275.527214018335
450,449.857136363636
358,337.084041847042
409,435.77729047619
381,562.228486045327
696,694.7728
310,310.3912
14,21.3674614607163
487,420.808876129718
538,540.320487719298
468,457.707235413498
575,95.7916461954712
32,111.57680952381
122,252.550516666667
763,467.417133333333
459,526.386404040404
249,488.576078571428
433,433.766360290283
578,580.868733333333
560,556.1455
282,347.778114035088
400,438.540139215686
368,354.726851232101
365,365.580838600289
14,21.3674614607163
483,435.689466059083
500,460.769511111111
326,314.0768
324,325.449695238095
81,92.2811928571429
341,335.259733333333
483,342.212
426,426.049304689392
532,509.781568645974
534,528.046497619047
549,502.2753
433,433.766360290283
448,428.002380695956
522,498.264503968254
337,360.307712698413
17,30.0402157735883
426,426.049304689392
498,496.432633333333
14,21.3674614607163
470,77.6146
212,141.310933333333
619,619.0257
365,366.337759062238
475,428.405498245614
56,72.0735047619048
436,459.309133333333
519,511.108674603175
205,235.799066666667
637,634.177857142857
426,426.049304689392
325,275.441001801802
259,278.753538073039
413,414.179723809524
64,140.546445238095
426,426.399981445438
474,618.303828571429
668,674.441566666667
753,630.707533333334
535,454.485066666667
681,614.976298901099
364,393.491029007634
346,328.908566666666
17,31.1323831423479
465,439.502298138608
17,27.2695378500928
462,430.833833333333
379,379.625596070759
357,348.561893777762
280,337.640924242424
341,355.372659523809
187,204.012266666667
753,641.793666666667
111,268.217983333333
359,363.288477777778
580,590.025141630592
369,364.865385714286
426,397.097988235294
336,331.09620820712
310,310.3912
475,478.790202380952
143,372.825190798091
344,279.015733333333
123,116.67988023088
341,309.0152
7,53.195295970696
155,161.5304
145,83.1983333333333
148,363.4168
135,208.828555677656
314,309.699130952381
154,219.44161959707
407,405.744614357864
124,130.544207142857
276,275.527214018335
585,528.806988888889
339,359.973633333333
538,523.474166666667
379,353.888016666666
651,631.406742857143
166,176.01375
426,426.049304689392
411,395.0821
348,285.059023076923
495,559.640309090909
345,345.65191851664
147,151.415294560994
338,288.079027627928
356,358.020119047619
195,194.210979220779
276,284.3064
15,108.4318
44,177.878858333333
70,238.538166666667
171,179.664766666667
17,37.5481818132676
426,426.049304689392
426,426.049304689392
532,516.402008658009
312,321.023507142857
377,383.575288419913
81,92.2811928571429
766,739.800031074481
734,636.5876
460,440.024687878788
480,304.1389
130,136.515631359531
3,61.2563949322848
759,692.678209523809
426,426.049304689392
709,699.351066666667
368,405.560280952381
404,412.714866666667
499,483.216982575757
14,21.3674614607163
439,429.715066666667
450,432.5199956743
135,139.573833333333
50,101.767733333333
522,486.784238095238
281,275.984076190476
501,504.179333333333
198,232.508533333333
628,619.972166666667
407,406.915533333333
