412,537,135,532,131,532,131,426,142,412,136,412,136
412,532,131,532,131,426,142,412,136,412,136,412,136
412,532,131,426,142,412,136,412,136,412,136,412,136
412,426,142,412,136,412,136,412,136,412,136,412,136
412,412,136,412,136,412,136,412,136,412,136,412,136
412,412,136,412,136,412,136,412,136,412,136,412,136
412,412,136,412,136,412,136,412,136,412,136,412,136
412,412,136,412,136,412,136,412,136,412,136,412,136
412,412,136,412,136,412,136,412,136,412,136,412,136
412,412,136,412,136,412,136,412,136,412,136,412,136
412,412,136,412,136,412,136,412,136,412,136,412,136
412,412,136,412,136,412,136,412,136,412,136,412,136
502,412,136,412,136,412,136,412,136,412,136,412,136
101,412,136,412,136,412,136,412,136,412,136,502,125
59,412,136,412,136,412,136,412,136,502,125,101,92
118,412,136,412,136,412,136,502,125,101,92,59,0
176,412,136,412,136,502,125,101,92,59,0,118,158
278,412,136,502,125,101,92,59,0,118,158,176,202
209,502,125,101,92,59,0,118,158,176,202,278,210
629,101,92,59,0,118,158,176,202,278,210,209,223
774,59,0,118,158,176,202,278,210,209,223,629,242
860,118,158,176,202,278,210,209,223,629,242,774,175
862,176,202,278,210,209,223,629,242,774,175,860,107
862,278,210,209,223,629,242,774,175,860,107,862,114
863,209,223,629,242,774,175,860,107,862,114,862,114
771,629,242,774,175,860,107,862,114,862,114,863,111
728,774,175,860,107,862,114,862,114,863,111,771,94
728,860,107,862,114,862,114,863,111,771,94,728,72
808,862,114,862,114,863,111,771,94,728,72,728,72
1244,862,114,863,111,771,94,728,72,728,72,808,46
1246,863,111,771,94,728,72,728,72,808,46,1244,3
571,771,94,728,72,728,72,808,46,1244,3,1246,4
444,728,72,728,72,808,46,1244,3,1246,4,571,83
0,728,72,808,46,1244,3,1246,4,571,83,444,153
13,808,46,1244,3,1246,4,571,83,444,153,0,135
13,1244,3,1246,4,571,83,444,153,0,135,13,135
13,1246,4,571,83,444,153,0,135,13,135,13,135
179,571,83,444,153,0,135,13,135,13,135,13,135
624,444,153,0,135,13,135,13,135,13,135,179,139
217,0,135,13,135,13,135,13,135,179,139,624,137
275,13,135,13,135,13,135,179,139,624,137,217,147
277,13,135,13,135,179,139,624,137,217,147,275,167
277,13,135,179,139,624,137,217,147,275,167,277,169
644,179,139,624,137,217,147,275,167,277,169,277,169
794,624,137,217,147,275,167,277,169,277,169,644,67
824,217,147,275,167,277,169,277,169,644,67,794,49
824,275,167,277,169,277,169,644,67,794,49,824,38
666,277,169,277,169,644,67,794,49,824,38,824,38
375,277,169,644,67,794,49,824,38,824,38,666,465
201,644,67,794,49,824,38,824,38,666,465,375,690
59,794,49,824,38,824,38,666,465,375,690,201,712
162,824,38,824,38,666,465,375,690,201,712,59,719
199,824,38,666,465,375,690,201,712,59,719,162,671
199,666,465,375,690,201,712,59,719,162,671,199,659
199,375,690,201,712,59,719,162,671,199,659,199,659
199,201,712,59,719,162,671,199,659,199,659,199,659
199,59,719,162,671,199,659,199,659,199,659,199,659
199,162,671,199,659,199,659,199,659,199,659,199,659
199,199,659,199,659,199,659,199,659,199,659,199,659
199,199,659,199,659,199,659,199,659,199,659,199,659
761,199,659,199,659,199,659,199,659,199,659,199,659
704,199,659,199,659,199,659,199,659,199,659,761,751
704,199,659,199,659,199,659,199,659,761,751,704,751
704,199,659,199,659,199,659,761,751,704,751,704,751
704,199,659,199,659,761,751,704,751,704,751,704,751
704,199,659,761,751,704,751,704,751,704,751,704,751
703,761,751,704,751,704,751,704,751,704,751,704,751
882,704,751,704,751,704,751,704,751,704,751,703,751
1365,704,751,704,751,704,751,704,751,703,751,882,127
1358,704,751,704,751,704,751,703,751,882,127,1365,6
535,704,751,704,751,703,751,882,127,1365,6,1358,5
522,704,751,703,751,882,127,1365,6,1358,5,535,66
325,703,751,882,127,1365,6,1358,5,535,66,522,64
365,882,127,1365,6,1358,5,535,66,522,64,325,68
360,1365,6,1358,5,535,66,522,64,325,68,365,58
360,1358,5,535,66,522,64,325,68,365,58,360,58
684,535,66,522,64,325,68,365,58,360,58,360,58
684,522,64,325,68,365,58,360,58,360,58,684,320
764,325,68,365,58,360,58,360,58,684,320,684,428
717,365,58,360,58,360,58,684,320,684,428,764,388
676,360,58,360,58,684,320,684,428,764,388,717,447
612,360,58,684,320,684,428,764,388,717,447,676,450
710,684,320,684,428,764,388,717,447,676,450,612,439
712,684,428,764,388,717,447,676,450,612,439,710,442
821,764,388,717,447,676,450,612,439,710,442,712,442
821,717,447,676,450,612,439,710,442,712,442,821,767
700,676,450,612,439,710,442,712,442,821,767,821,767
499,612,439,710,442,712,442,821,767,821,767,700,542
552,710,442,712,442,821,767,821,767,700,542,499,476
715,712,442,821,767,821,767,700,542,499,476,552,494
781,821,767,821,767,700,542,499,476,552,494,715,678
703,821,767,700,542,499,476,552,494,715,678,781,745
696,700,542,499,476,552,494,715,678,781,745,703,739
696,499,476,552,494,715,678,781,745,703,739,696,735
1365,552,494,715,678,781,745,703,739,696,735,696,733
1325,715,678,781,745,703,739,696,735,696,733,1365,0
877,781,745,703,739,696,735,696,733,1365,0,1325,50
729,703,739,696,735,696,733,1365,0,1325,50,877,698
728,696,735,696,733,1365,0,1325,50,877,698,729,763
435,696,733,1365,0,1325,50,877,698,729,763,728,748
110,1365,0,1325,50,877,698,729,763,728,748,435,501
62,1325,50,877,698,729,763,728,748,435,501,110,328
62,877,698,729,763,728,748,435,501,110,328,62,304
0,729,763,728,748,435,501,110,328,62,304,62,304
13,728,748,435,501,110,328,62,304,62,304,0,190
37,435,501,110,328,62,304,62,304,0,190,13,114
89,110,328,62,304,62,304,0,190,13,114,37,75
776,62,304,62,304,0,190,13,114,37,75,89,34
970,62,304,0,190,13,114,37,75,89,34,776,99
936,0,190,13,114,37,75,89,34,776,99,970,72
931,13,114,37,75,89,34,776,99,970,72,936,64
931,37,75,89,34,776,99,970,72,936,64,931,64
828,89,34,776,99,970,72,936,64,931,64,931,64
0,776,99,970,72,936,64,931,64,931,64,828,64
0,970,72,936,64,931,64,931,64,828,64,0,0
0,936,64,931,64,931,64,828,64,0,0,0,472
324,931,64,931,64,828,64,0,0,0,472,0,767
867,931,64,828,64,0,0,0,472,0,767,324,665
616,828,64,0,0,0,472,0,767,324,665,867,536
652,0,0,0,472,0,767,324,665,867,536,616,601
652,0,472,0,767,324,665,867,536,616,601,652,553
652,0,767,324,665,867,536,616,601,652,553,652,553
652,324,665,867,536,616,601,652,553,652,553,652,553
652,867,536,616,601,652,553,652,553,652,553,652,553
652,616,601,652,553,652,553,652,553,652,553,652,553
652,652,553,652,553,652,553,652,553,652,553,652,553
652,652,553,652,553,652,553,652,553,652,553,652,553
652,652,553,652,553,652,553,652,553,652,553,652,553
652,652,553,652,553,652,553,652,553,652,553,652,553
719,652,553,652,553,652,553,652,553,652,553,652,553
719,652,553,652,553,652,553,652,553,652,553,719,308
712,652,553,652,553,652,553,652,553,719,308,719,308
513,652,553,652,553,652,553,719,308,719,308,712,302
488,652,553,652,553,719,308,719,308,712,302,513,326
488,652,553,719,308,719,308,712,302,513,326,488,336
488,719,308,719,308,712,302,513,326,488,336,488,336
488,719,308,712,302,513,326,488,336,488,336,488,336
488,712,302,513,326,488,336,488,336,488,336,488,336
488,513,326,488,336,488,336,488,336,488,336,488,336
488,488,336,488,336,488,336,488,336,488,336,488,336
488,488,336,488,336,488,336,488,336,488,336,488,336
488,488,336,488,336,488,336,488,336,488,336,488,336
488,488,336,488,336,488,336,488,336,488,336,488,336
488,488,336,488,336,488,336,488,336,488,336,488,336
488,488,336,488,336,488,336,488,336,488,336,488,336
488,488,336,488,336,488,336,488,336,488,336,488,336
488,488,336,488,336,488,336,488,336,488,336,488,336
488,488,336,488,336,488,336,488,336,488,336,488,336
488,488,336,488,336,488,336,488,336,488,336,488,336
488,488,336,488,336,488,336,488,336,488,336,488,336
488,488,336,488,336,488,336,488,336,488,336,488,336
471,488,336,488,336,488,336,488,336,488,336,488,336
487,488,336,488,336,488,336,488,336,488,336,471,302
481,488,336,488,336,488,336,488,336,471,302,487,274
432,488,336,488,336,488,336,471,302,487,274,481,271
111,488,336,488,336,471,302,487,274,481,271,432,269
611,488,336,471,302,487,274,481,271,432,269,111,18
1032,471,302,487,274,481,271,432,269,111,18,611,143
754,487,274,481,271,432,269,111,18,611,143,1032,196
752,481,271,432,269,111,18,611,143,1032,196,754,203
636,432,269,111,18,611,143,1032,196,754,203,752,204
896,111,18,611,143,1032,196,754,203,752,204,636,350
1170,611,143,1032,196,754,203,752,204,636,350,896,327
1210,1032,196,754,203,752,204,636,350,896,327,1170,80
1205,754,203,752,204,636,350,896,327,1170,80,1210,48
1184,752,204,636,350,896,327,1170,80,1210,48,1205,48
1184,636,350,896,327,1170,80,1210,48,1205,48,1184,55
1183,896,327,1170,80,1210,48,1205,48,1184,55,1184,55
1183,1170,80,1210,48,1205,48,1184,55,1184,55,1183,56
1183,1210,48,1205,48,1184,55,1184,55,1183,56,1183,56
1149,1205,48,1184,55,1184,55,1183,56,1183,56,1183,56
1148,1184,55,1184,55,1183,56,1183,56,1183,56,1149,80
1148,1184,55,1183,56,1183,56,1183,56,1149,80,1148,80
1091,1183,56,1183,56,1183,56,1149,80,1148,80,1148,79
1091,1183,56,1183,56,1149,80,1148,80,1148,79,1091,102
1091,1183,56,1149,80,1148,80,1148,79,1091,102,1091,102
1091,1149,80,1148,80,1148,79,1091,102,1091,102,1091,102
1091,1148,80,1148,79,1091,102,1091,102,1091,102,1091,102
1091,1148,79,1091,102,1091,102,1091,102,1091,102,1091,102
1080,1091,102,1091,102,1091,102,1091,102,1091,102,1091,102
1079,1091,102,1091,102,1091,102,1091,102,1091,102,1080,106
1142,1091,102,1091,102,1091,102,1091,102,1080,106,1079,106
1256,1091,102,1091,102,1091,102,1080,106,1079,106,1142,51
1283,1091,102,1091,102,1080,106,1079,106,1142,51,1256,13
1283,1091,102,1080,106,1079,106,1142,51,1256,13,1283,13
1283,1080,106,1079,106,1142,51,1256,13,1283,13,1283,13
1283,1079,106,1142,51,1256,13,1283,13,1283,13,1283,13
1283,1142,51,1256,13,1283,13,1283,13,1283,13,1283,13
1283,1256,13,1283,13,1283,13,1283,13,1283,13,1283,13
1075,1283,13,1283,13,1283,13,1283,13,1283,13,1283,13
878,1283,13,1283,13,1283,13,1283,13,1283,13,1075,39
878,1283,13,1283,13,1283,13,1283,13,1075,39,878,79
878,1283,13,1283,13,1283,13,1075,39,878,79,878,79
902,1283,13,1283,13,1075,39,878,79,878,79,878,79
936,1283,13,1075,39,878,79,878,79,878,79,902,118
936,1075,39,878,79,878,79,878,79,902,118,936,159
936,878,79,878,79,878,79,902,118,936,159,936,159
604,878,79,878,79,902,118,936,159,936,159,936,159
924,878,79,902,118,936,159,936,159,936,159,604,285
1030,902,118,936,159,936,159,936,159,604,285,924,151
758,936,159,936,159,936,159,604,285,924,151,1030,366
898,936,159,936,159,604,285,924,151,1030,366,758,80
825,936,159,604,285,924,151,1030,366,758,80,898,252
861,604,285,924,151,1030,366,758,80,898,252,825,111
861,924,151,1030,366,758,80,898,252,825,111,861,166
648,1030,366,758,80,898,252,825,111,861,166,861,166
378,758,80,898,252,825,111,861,166,861,166,648,167
398,898,252,825,111,861,166,861,166,648,167,378,522
407,825,111,861,166,861,166,648,167,378,522,398,669
68,861,166,861,166,648,167,378,522,398,669,407,681
26,861,166,648,167,378,522,398,669,407,681,68,738
26,648,167,378,522,398,669,407,681,68,738,26,750
84,378,522,398,669,407,681,68,738,26,750,26,750
47,398,669,407,681,68,738,26,750,26,750,84,680
16,407,681,68,738,26,750,26,750,84,680,47,710
38,68,738,26,750,26,750,84,680,47,710,16,710
38,26,750,26,750,84,680,47,710,16,710,38,651
38,26,750,84,680,47,710,16,710,38,651,38,651
38,84,680,47,710,16,710,38,651,38,651,38,651
38,47,710,16,710,38,651,38,651,38,651,38,651
828,16,710,38,651,38,651,38,651,38,651,38,651
757,38,651,38,651,38,651,38,651,38,651,828,627
757,38,651,38,651,38,651,38,651,828,627,757,744
702,38,651,38,651,38,651,828,627,757,744,757,744
559,38,651,38,651,828,627,757,744,757,744,702,573
897,38,651,828,627,757,744,757,744,702,573,559,407
897,828,627,757,744,757,744,702,573,559,407,897,462
897,757,744,757,744,702,573,559,407,897,462,897,462
897,757,744,702,573,559,407,897,462,897,462,897,462
897,702,573,559,407,897,462,897,462,897,462,897,462
897,559,407,897,462,897,462,897,462,897,462,897,462
897,897,462,897,462,897,462,897,462,897,462,897,462
897,897,462,897,462,897,462,897,462,897,462,897,462
960,897,462,897,462,897,462,897,462,897,462,897,462
1181,897,462,897,462,897,462,897,462,897,462,960,275
1187,897,462,897,462,897,462,897,462,960,275,1181,70
734,897,462,897,462,897,462,960,275,1181,70,1187,48
686,897,462,897,462,960,275,1181,70,1187,48,734,328
617,897,462,960,275,1181,70,1187,48,734,328,686,321
511,960,275,1181,70,1187,48,734,328,686,321,617,333
511,1181,70,1187,48,734,328,686,321,617,333,511,282
511,1187,48,734,328,686,321,617,333,511,282,511,282
511,734,328,686,321,617,333,511,282,511,282,511,282
511,686,321,617,333,511,282,511,282,511,282,511,282
511,617,333,511,282,511,282,511,282,511,282,511,282
535,511,282,511,282,511,282,511,282,511,282,511,282
759,511,282,511,282,511,282,511,282,511,282,535,321
796,511,282,511,282,511,282,511,282,535,321,759,330
797,511,282,511,282,511,282,535,321,759,330,796,280
797,511,282,511,282,535,321,759,330,796,280,797,279
600,511,282,535,321,759,330,796,280,797,279,797,279
471,535,321,759,330,796,280,797,279,797,279,600,362
574,759,330,796,280,797,279,797,279,600,362,471,437
574,796,280,797,279,797,279,600,362,471,437,574,528
574,797,279,797,279,600,362,471,437,574,528,574,528
833,797,279,600,362,471,437,574,528,574,528,574,528
859,600,362,471,437,574,528,574,528,574,528,833,527
859,471,437,574,528,574,528,574,528,833,527,859,449
869,574,528,574,528,574,528,833,527,859,449,859,448
869,574,528,574,528,833,527,859,449,859,448,869,441
860,574,528,833,527,859,449,859,448,869,441,869,441
600,833,527,859,449,859,448,869,441,869,441,860,444
578,859,449,859,448,869,441,869,441,860,444,600,558
558,859,448,869,441,869,441,860,444,600,558,578,586
558,869,441,869,441,860,444,600,558,578,586,558,626
558,869,441,860,444,600,558,578,586,558,626,558,626
519,860,444,600,558,578,586,558,626,558,626,558,626
944,600,558,578,586,558,626,558,626,558,626,519,455
461,578,586,558,626,558,626,558,626,519,455,944,313
444,558,626,558,626,558,626,519,455,944,313,461,156
444,558,626,558,626,519,455,944,313,461,156,444,113
660,558,626,519,455,944,313,461,156,444,113,444,112
878,519,455,944,313,461,156,444,113,444,112,660,238
974,944,313,461,156,444,113,444,112,660,238,878,277
970,461,156,444,113,444,112,660,238,878,277,974,472
970,444,113,444,112,660,238,878,277,974,472,970,479
1202,444,112,660,238,878,277,974,472,970,479,970,479
1142,660,238,878,277,974,472,970,479,970,479,1202,88
377,878,277,974,472,970,479,970,479,1202,88,1142,43
3,974,472,970,479,970,479,1202,88,1142,43,377,173
32,970,479,970,479,1202,88,1142,43,377,173,3,99
566,970,479,1202,88,1142,43,377,173,3,99,32,80
550,1202,88,1142,43,377,173,3,99,32,80,566,435
504,1142,43,377,173,3,99,32,80,566,435,550,441
433,377,173,3,99,32,80,566,435,550,441,504,492
428,3,99,32,80,566,435,550,441,504,492,433,585
424,32,80,566,435,550,441,504,492,433,585,428,591
395,566,435,550,441,504,492,433,585,428,591,424,593
370,550,441,504,492,433,585,428,591,424,593,395,604
344,504,492,433,585,428,591,424,593,395,604,370,495
344,433,585,428,591,424,593,395,604,370,495,344,357
344,428,591,424,593,395,604,370,495,344,357,344,357
344,424,593,395,604,370,495,344,357,344,357,344,357
307,395,604,370,495,344,357,344,357,344,357,344,357
251,370,495,344,357,344,357,344,357,344,357,307,312
333,344,357,344,357,344,357,344,357,307,312,251,215
329,344,357,344,357,344,357,307,312,251,215,333,23
700,344,357,344,357,307,312,251,215,333,23,329,22
726,344,357,307,312,251,215,333,23,329,22,700,52
690,307,312,251,215,333,23,329,22,700,52,726,55
629,251,215,333,23,329,22,700,52,726,55,690,90
625,333,23,329,22,700,52,726,55,690,90,629,200
625,329,22,700,52,726,55,690,90,629,200,625,209
625,700,52,726,55,690,90,629,200,625,209,625,209
625,726,55,690,90,629,200,625,209,625,209,625,209
625,690,90,629,200,625,209,625,209,625,209,625,209
625,629,200,625,209,625,209,625,209,625,209,625,209
625,625,209,625,209,625,209,625,209,625,209,625,209
625,625,209,625,209,625,209,625,209,625,209,625,209
642,625,209,625,209,625,209,625,209,625,209,625,209
851,625,209,625,209,625,209,625,209,625,209,642,205
818,625,209,625,209,625,209,625,209,642,205,851,155
818,625,209,625,209,625,209,642,205,851,155,818,131
773,625,209,625,209,642,205,851,155,818,131,818,131
773,625,209,642,205,851,155,818,131,818,131,773,61
773,642,205,851,155,818,131,818,131,773,61,773,61
773,851,155,818,131,818,131,773,61,773,61,773,61
773,818,131,818,131,773,61,773,61,773,61,773,61
897,818,131,773,61,773,61,773,61,773,61,773,61
809,773,61,773,61,773,61,773,61,773,61,897,239
830,773,61,773,61,773,61,773,61,897,239,809,319
830,773,61,773,61,773,61,897,239,809,319,830,355
830,773,61,773,61,897,239,809,319,830,355,830,358
830,773,61,897,239,809,319,830,355,830,358,830,358
813,897,239,809,319,830,355,830,358,830,358,830,358
804,809,319,830,355,830,358,830,358,830,358,813,364
804,830,355,830,358,830,358,830,358,813,364,804,367
804,830,358,830,358,830,358,813,364,804,367,804,367
804,830,358,830,358,813,364,804,367,804,367,804,367
804,830,358,813,364,804,367,804,367,804,367,804,367
804,813,364,804,367,804,367,804,367,804,367,804,367
808,804,367,804,367,804,367,804,367,804,367,804,367
879,804,367,804,367,804,367,804,367,804,367,808,367
872,804,367,804,367,804,367,804,367,808,367,879,337
872,804,367,804,367,804,367,808,367,879,337,872,341
872,804,367,804,367,808,367,879,337,872,341,872,341
872,804,367,808,367,879,337,872,341,872,341,872,341
872,808,367,879,337,872,341,872,341,872,341,872,341
872,879,337,872,341,872,341,872,341,872,341,872,341
872,872,341,872,341,872,341,872,341,872,341,872,341
872,872,341,872,341,872,341,872,341,872,341,872,341
872,872,341,872,341,872,341,872,341,872,341,872,341
872,872,341,872,341,872,341,872,341,872,341,872,341
872,872,341,872,341,872,341,872,341,872,341,872,341
872,872,341,872,341,872,341,872,341,872,341,872,341
656,872,341,872,341,872,341,872,341,872,341,872,341
676,872,341,872,341,872,341,872,341,872,341,656,767
735,872,341,872,341,872,341,872,341,656,767,676,750
386,872,341,872,341,872,341,656,767,676,750,735,738
346,872,341,872,341,656,767,676,750,735,738,386,620
388,872,341,656,767,676,750,735,738,386,620,346,579
435,656,767,676,750,735,738,386,620,346,579,388,588
435,676,750,735,738,386,620,346,579,388,588,435,600
507,735,738,386,620,346,579,388,588,435,600,435,659
440,386,620,346,579,388,588,435,600,435,659,507,508
392,346,579,388,588,435,600,435,659,507,508,440,639
390,388,588,435,600,435,659,507,508,440,639,392,662
982,435,600,435,659,507,508,440,639,392,662,390,648
486,435,659,507,508,440,639,392,662,390,648,982,271
470,507,508,440,639,392,662,390,648,982,271,486,144
470,440,639,392,662,390,648,982,271,486,144,470,411
470,392,662,390,648,982,271,486,144,470,411,470,411
470,390,648,982,271,486,144,470,411,470,411,470,411
470,982,271,486,144,470,411,470,411,470,411,470,411
21,486,144,470,411,470,411,470,411,470,411,470,411
19,470,411,470,411,470,411,470,411,470,411,21,271
40,470,411,470,411,470,411,470,411,21,271,19,269
175,470,411,470,411,470,411,21,271,19,269,40,268
119,470,411,470,411,21,271,19,269,40,268,175,280
117,470,411,21,271,19,269,40,268,175,280,119,338
117,21,271,19,269,40,268,175,280,119,338,117,338
117,19,269,40,268,175,280,119,338,117,338,117,338
117,40,268,175,280,119,338,117,338,117,338,117,338
117,175,280,119,338,117,338,117,338,117,338,117,338
117,119,338,117,338,117,338,117,338,117,338,117,338
0,117,338,117,338,117,338,117,338,117,338,117,338
26,117,338,117,338,117,338,117,338,117,338,0,66
26,117,338,117,338,117,338,117,338,0,66,26,68
26,117,338,117,338,117,338,0,66,26,68,26,68
26,117,338,117,338,0,66,26,68,26,68,26,68
800,117,338,0,66,26,68,26,68,26,68,26,68
921,0,66,26,68,26,68,26,68,26,68,800,382
921,26,68,26,68,26,68,26,68,800,382,921,441
1150,26,68,26,68,26,68,800,382,921,441,921,441
1151,26,68,26,68,800,382,921,441,921,441,1150,440
759,26,68,800,382,921,441,921,441,1150,440,1151,440
684,800,382,921,441,921,441,1150,440,1151,440,759,581
192,921,441,921,441,1150,440,1151,440,759,581,684,613
229,921,441,1150,440,1151,440,759,581,684,613,192,672
626,1150,440,1151,440,759,581,684,613,192,672,229,654
661,1151,440,759,581,684,613,192,672,229,654,626,741
661,759,581,684,613,192,672,229,654,626,741,661,746
336,684,613,192,672,229,654,626,741,661,746,661,746
369,192,672,229,654,626,741,661,746,661,746,336,337
367,229,654,626,741,661,746,661,746,336,337,369,346
462,626,741,661,746,661,746,336,337,369,346,367,412
404,661,746,661,746,336,337,369,346,367,412,462,287
400,661,746,336,337,369,346,367,412,462,287,404,246
424,336,337,369,346,367,412,462,287,404,246,400,243
464,369,346,367,412,462,287,404,246,400,243,424,353
461,367,412,462,287,404,246,400,243,424,353,464,457
456,462,287,404,246,400,243,424,353,464,457,461,489
452,404,246,400,243,424,353,464,457,461,489,456,470
452,400,243,424,353,464,457,461,489,456,470,452,468
452,424,353,464,457,461,489,456,470,452,468,452,468
452,464,457,461,489,456,470,452,468,452,468,452,468
452,461,489,456,470,452,468,452,468,452,468,452,468
452,456,470,452,468,452,468,452,468,452,468,452,468
452,452,468,452,468,452,468,452,468,452,468,452,468
452,452,468,452,468,452,468,452,468,452,468,452,468
452,452,468,452,468,452,468,452,468,452,468,452,468
452,452,468,452,468,452,468,452,468,452,468,452,468
452,452,468,452,468,452,468,452,468,452,468,452,468
452,452,468,452,468,452,468,452,468,452,468,452,468
452,452,468,452,468,452,468,452,468,452,468,452,468
452,452,468,452,468,452,468,452,468,452,468,452,468
452,452,468,452,468,452,468,452,468,452,468,452,468
452,452,468,452,468,452,468,452,468,452,468,452,468
452,452,468,452,468,452,468,452,468,452,468,452,468
452,452,468,452,468,452,468,452,468,452,468,452,468
452,452,468,452,468,452,468,452,468,452,468,452,468
452,452,468,452,468,452,468,452,468,452,468,452,468
452,452,468,452,468,452,468,452,468,452,468,452,468
452,452,468,452,468,452,468,452,468,452,468,452,468
452,452,468,452,468,452,468,452,468,452,468,452,468
452,452,468,452,468,452,468,452,468,452,468,452,468
452,452,468,452,468,452,468,452,468,452,468,452,468
452,452,468,452,468,452,468,452,468,452,468,452,468
452,452,468,452,468,452,468,452,468,452,468,452,468
452,452,468,452,468,452,468,452,468,452,468,452,468
452,452,468,452,468,452,468,452,468,452,468,452,468
452,452,468,452,468,452,468,452,468,452,468,452,468
452,452,468,452,468,452,468,452,468,452,468,452,468
452,452,468,452,468,452,468,452,468,452,468,452,468
452,452,468,452,468,452,468,452,468,452,468,452,468
452,452,468,452,468,452,468,452,468,452,468,452,468
452,452,468,452,468,452,468,452,468,452,468,452,468
452,452,468,452,468,452,468,452,468,452,468,452,468
452,452,468,452,468,452,468,452,468,452,468,452,468
452,452,468,452,468,452,468,452,468,452,468,452,468
452,452,468,452,468,452,468,452,468,452,468,452,468
452,452,468,452,468,452,468,452,468,452,468,452,468
452,452,468,452,468,452,468,452,468,452,468,452,468
452,452,468,452,468,452,468,452,468,452,468,452,468
452,452,468,452,468,452,468,452,468,452,468,452,468
452,452,468,452,468,452,468,452,468,452,468,452,468
452,452,468,452,468,452,468,452,468,452,468,452,468
753,452,468,452,468,452,468,452,468,452,468,452,468
758,452,468,452,468,452,468,452,468,452,468,753,417
653,452,468,452,468,452,468,452,468,753,417,758,453
507,452,468,452,468,452,468,753,417,758,453,653,466
507,452,468,452,468,753,417,758,453,653,466,507,333
1365,452,468,753,417,758,453,653,466,507,333,507,332
1365,753,417,758,453,653,466,507,333,507,332,1365,233
664,758,453,653,466,507,333,507,332,1365,233,1365,238
602,653,466,507,333,507,332,1365,233,1365,238,664,258
595,507,333,507,332,1365,233,1365,238,664,258,602,299
595,507,332,1365,233,1365,238,664,258,602,299,595,326
595,1365,233,1365,238,664,258,602,299,595,326,595,326
595,1365,238,664,258,602,299,595,326,595,326,595,326
595,664,258,602,299,595,326,595,326,595,326,595,326
595,602,299,595,326,595,326,595,326,595,326,595,326
595,595,326,595,326,595,326,595,326,595,326,595,326
595,595,326,595,326,595,326,595,326,595,326,595,326
595,595,326,595,326,595,326,595,326,595,326,595,326
595,595,326,595,326,595,326,595,326,595,326,595,326
595,595,326,595,326,595,326,595,326,595,326,595,326
595,595,326,595,326,595,326,595,326,595,326,595,326
595,595,326,595,326,595,326,595,326,595,326,595,326
595,595,326,595,326,595,326,595,326,595,326,595,326
595,595,326,595,326,595,326,595,326,595,326,595,326
595,595,326,595,326,595,326,595,326,595,326,595,326
595,595,326,595,326,595,326,595,326,595,326,595,326
595,595,326,595,326,595,326,595,326,595,326,595,326
590,595,326,595,326,595,326,595,326,595,326,595,326
505,595,326,595,326,595,326,595,326,595,326,590,333
488,595,326,595,326,595,326,595,326,590,333,505,428
488,595,326,595,326,595,326,590,333,505,428,488,442
488,595,326,595,326,590,333,505,428,488,442,488,442
488,595,326,590,333,505,428,488,442,488,442,488,442
488,590,333,505,428,488,442,488,442,488,442,488,442
488,505,428,488,442,488,442,488,442,488,442,488,442
488,488,442,488,442,488,442,488,442,488,442,488,442
488,488,442,488,442,488,442,488,442,488,442,488,442
488,488,442,488,442,488,442,488,442,488,442,488,442
488,488,442,488,442,488,442,488,442,488,442,488,442
488,488,442,488,442,488,442,488,442,488,442,488,442
488,488,442,488,442,488,442,488,442,488,442,488,442
488,488,442,488,442,488,442,488,442,488,442,488,442
488,488,442,488,442,488,442,488,442,488,442,488,442
488,488,442,488,442,488,442,488,442,488,442,488,442
488,488,442,488,442,488,442,488,442,488,442,488,442
488,488,442,488,442,488,442,488,442,488,442,488,442
488,488,442,488,442,488,442,488,442,488,442,488,442
488,488,442,488,442,488,442,488,442,488,442,488,442
488,488,442,488,442,488,442,488,442,488,442,488,442
488,488,442,488,442,488,442,488,442,488,442,488,442
488,488,442,488,442,488,442,488,442,488,442,488,442
488,488,442,488,442,488,442,488,442,488,442,488,442
522,488,442,488,442,488,442,488,442,488,442,488,442
514,488,442,488,442,488,442,488,442,488,442,522,608
514,488,442,488,442,488,442,488,442,522,608,514,581
514,488,442,488,442,488,442,522,608,514,581,514,581
514,488,442,488,442,522,608,514,581,514,581,514,581
514,488,442,522,608,514,581,514,581,514,581,514,581
514,522,608,514,581,514,581,514,581,514,581,514,581
514,514,581,514,581,514,581,514,581,514,581,514,581
514,514,581,514,581,514,581,514,581,514,581,514,581
514,514,581,514,581,514,581,514,581,514,581,514,581
514,514,581,514,581,514,581,514,581,514,581,514,581
514,514,581,514,581,514,581,514,581,514,581,514,581
514,514,581,514,581,514,581,514,581,514,581,514,581
514,514,581,514,581,514,581,514,581,514,581,514,581
514,514,581,514,581,514,581,514,581,514,581,514,581
514,514,581,514,581,514,581,514,581,514,581,514,581
514,514,581,514,581,514,581,514,581,514,581,514,581
514,514,581,514,581,514,581,514,581,514,581,514,581
514,514,581,514,581,514,581,514,581,514,581,514,581
514,514,581,514,581,514,581,514,581,514,581,514,581
514,514,581,514,581,514,581,514,581,514,581,514,581
514,514,581,514,581,514,581,514,581,514,581,514,581
514,514,581,514,581,514,581,514,581,514,581,514,581
514,514,581,514,581,514,581,514,581,514,581,514,581
514,514,581,514,581,514,581,514,581,514,581,514,581
514,514,581,514,581,514,581,514,581,514,581,514,581
514,514,581,514,581,514,581,514,581,514,581,514,581
514,514,581,514,581,514,581,514,581,514,581,514,581
514,514,581,514,581,514,581,514,581,514,581,514,581
514,514,581,514,581,514,581,514,581,514,581,514,581
514,514,581,514,581,514,581,514,581,514,581,514,581
514,514,581,514,581,514,581,514,581,514,581,514,581
514,514,581,514,581,514,581,514,581,514,581,514,581
514,514,581,514,581,514,581,514,581,514,581,514,581
514,514,581,514,581,514,581,514,581,514,581,514,581
514,514,581,514,581,514,581,514,581,514,581,514,581
640,514,581,514,581,514,581,514,581,514,581,514,581
766,514,581,514,581,514,581,514,581,514,581,640,600
581,514,581,514,581,514,581,514,581,640,600,766,497
382,514,581,514,581,514,581,640,600,766,497,581,511
405,514,581,514,581,640,600,766,497,581,511,382,332
399,514,581,640,600,766,497,581,511,382,332,405,307
399,640,600,766,497,581,511,382,332,405,307,399,300
423,766,497,581,511,382,332,405,307,399,300,399,302
403,581,511,382,332,405,307,399,300,399,302,423,480
408,382,332,405,307,399,300,399,302,423,480,403,502
408,405,307,399,300,399,302,423,480,403,502,408,531
433,399,300,399,302,423,480,403,502,408,531,408,531
827,399,302,423,480,403,502,408,531,408,531,433,552
694,423,480,403,502,408,531,408,531,433,552,827,555
411,403,502,408,531,408,531,433,552,827,555,694,459
396,408,531,408,531,433,552,827,555,694,459,411,368
405,408,531,433,552,827,555,694,459,411,368,396,366
404,433,552,827,555,694,459,411,368,396,366,405,350
404,827,555,694,459,411,368,396,366,405,350,404,406
400,694,459,411,368,396,366,405,350,404,406,404,412
402,411,368,396,366,405,350,404,406,404,412,400,534
680,396,366,405,350,404,406,404,412,400,534,402,525
727,405,350,404,406,404,412,400,534,402,525,680,556
733,404,406,404,412,400,534,402,525,680,556,727,554
1309,404,412,400,534,402,525,680,556,727,554,733,568
1356,400,534,402,525,680,556,727,554,733,568,1309,534
1365,402,525,680,556,727,554,733,568,1309,534,1356,396
1365,680,556,727,554,733,568,1309,534,1356,396,1365,471
1359,727,554,733,568,1309,534,1356,396,1365,471,1365,509
1356,733,568,1309,534,1356,396,1365,471,1365,509,1359,541
689,1309,534,1356,396,1365,471,1365,509,1359,541,1356,565
500,1356,396,1365,471,1365,509,1359,541,1356,565,689,373
499,1365,471,1365,509,1359,541,1356,565,689,373,500,412
531,1365,509,1359,541,1356,565,689,373,500,412,499,413
531,1359,541,1356,565,689,373,500,412,499,413,531,406
532,1356,565,689,373,500,412,499,413,531,406,531,406
532,689,373,500,412,499,413,531,406,531,406,532,405
568,500,412,499,413,531,406,531,406,532,405,532,402
427,499,413,531,406,531,406,532,405,532,402,568,419
422,531,406,531,406,532,405,532,402,568,419,427,580
396,531,406,532,405,532,402,568,419,427,580,422,539
396,532,405,532,402,568,419,427,580,422,539,396,538
396,532,402,568,419,427,580,422,539,396,538,396,538
412,568,419,427,580,422,539,396,538,396,538,396,538
407,427,580,422,539,396,538,396,538,396,538,412,583
399,422,539,396,538,396,538,396,538,412,583,407,583
1043,396,538,396,538,396,538,412,583,407,583,399,587
1080,396,538,396,538,412,583,407,583,399,587,1043,401
1080,396,538,412,583,407,583,399,587,1043,401,1080,460
897,412,583,407,583,399,587,1043,401,1080,460,1080,461
502,407,583,399,587,1043,401,1080,460,1080,461,897,486
411,399,587,1043,401,1080,460,1080,461,897,486,502,405
349,1043,401,1080,460,1080,461,897,486,502,405,411,375
417,1080,460,1080,461,897,486,502,405,411,375,349,461
160,1080,461,897,486,502,405,411,375,349,461,417,626
181,897,486,502,405,411,375,349,461,417,626,160,72
218,502,405,411,375,349,461,417,626,160,72,181,28
194,411,375,349,461,417,626,160,72,181,28,218,21
192,349,461,417,626,160,72,181,28,218,21,194,13
158,417,626,160,72,181,28,218,21,194,13,192,13
752,160,72,181,28,218,21,194,13,192,13,158,107
751,181,28,218,21,194,13,192,13,158,107,752,199
0,218,21,194,13,192,13,158,107,752,199,751,142
326,194,13,192,13,158,107,752,199,751,142,0,122
589,192,13,158,107,752,199,751,142,0,122,326,152
589,158,107,752,199,751,142,0,122,326,152,589,244
589,752,199,751,142,0,122,326,152,589,244,589,244
0,751,142,0,122,326,152,589,244,589,244,589,244
0,0,122,326,152,589,244,589,244,589,244,0,311
194,326,152,589,244,589,244,589,244,0,311,0,311
468,589,244,589,244,589,244,0,311,0,311,194,279
1357,589,244,589,244,0,311,0,311,194,279,468,335
1063,589,244,0,311,0,311,194,279,468,335,1357,408
901,0,311,0,311,194,279,468,335,1357,408,1063,314
901,0,311,194,279,468,335,1357,408,1063,314,901,350
901,194,279,468,335,1357,408,1063,314,901,350,901,350
901,468,335,1357,408,1063,314,901,350,901,350,901,350
901,1357,408,1063,314,901,350,901,350,901,350,901,350
901,1063,314,901,350,901,350,901,350,901,350,901,350
901,901,350,901,350,901,350,901,350,901,350,901,350
901,901,350,901,350,901,350,901,350,901,350,901,350
833,901,350,901,350,901,350,901,350,901,350,901,350
384,901,350,901,350,901,350,901,350,901,350,833,311
290,901,350,901,350,901,350,901,350,833,311,384,257
290,901,350,901,350,901,350,833,311,384,257,290,286
290,901,350,901,350,833,311,384,257,290,286,290,286
290,901,350,833,311,384,257,290,286,290,286,290,286
290,833,311,384,257,290,286,290,286,290,286,290,286
405,384,257,290,286,290,286,290,286,290,286,290,286
596,290,286,290,286,290,286,290,286,290,286,405,329
596,290,286,290,286,290,286,290,286,405,329,596,377
600,290,286,290,286,290,286,405,329,596,377,596,377
616,290,286,290,286,405,329,596,377,596,377,600,377
616,290,286,405,329,596,377,596,377,600,377,616,374
616,405,329,596,377,596,377,600,377,616,374,616,374
666,596,377,596,377,600,377,616,374,616,374,616,374
677,596,377,600,377,616,374,616,374,616,374,666,377
737,600,377,616,374,616,374,616,374,666,377,677,372
891,616,374,616,374,616,374,666,377,677,372,737,372
828,616,374,616,374,666,377,677,372,737,372,891,384
880,616,374,666,377,677,372,737,372,891,384,828,358
884,666,377,677,372,737,372,891,384,828,358,880,352
884,677,372,737,372,891,384,828,358,880,352,884,352
884,737,372,891,384,828,358,880,352,884,352,884,356
885,891,384,828,358,880,352,884,352,884,356,884,357
562,828,358,880,352,884,352,884,356,884,357,885,362
68,880,352,884,352,884,356,884,357,885,362,562,379
51,884,352,884,356,884,357,885,362,562,379,68,244
94,884,356,884,357,885,362,562,379,68,244,51,52
66,884,357,885,362,562,379,68,244,51,52,94,116
0,885,362,562,379,68,244,51,52,94,116,66,64
14,562,379,68,244,51,52,94,116,66,64,0,44
14,68,244,51,52,94,116,66,64,0,44,14,44
14,51,52,94,116,66,64,0,44,14,44,14,44
14,94,116,66,64,0,44,14,44,14,44,14,44
14,66,64,0,44,14,44,14,44,14,44,14,44
14,0,44,14,44,14,44,14,44,14,44,14,44
14,14,44,14,44,14,44,14,44,14,44,14,44
14,14,44,14,44,14,44,14,44,14,44,14,44
607,14,44,14,44,14,44,14,44,14,44,14,44
969,14,44,14,44,14,44,14,44,14,44,607,341
957,14,44,14,44,14,44,14,44,607,341,969,369
1232,14,44,14,44,14,44,607,341,969,369,957,357
985,14,44,14,44,607,341,969,369,957,357,1232,320
1193,14,44,607,341,969,369,957,357,1232,320,985,381
1193,607,341,969,369,957,357,1232,320,985,381,1193,353
441,969,369,957,357,1232,320,985,381,1193,353,1193,353
813,957,357,1232,320,985,381,1193,353,1193,353,441,547
818,1232,320,985,381,1193,353,1193,353,441,547,813,573
818,985,381,1193,353,1193,353,441,547,813,573,818,574
818,1193,353,1193,353,441,547,813,573,818,574,818,575
837,1193,353,441,547,813,573,818,574,818,575,818,575
857,441,547,813,573,818,574,818,575,818,575,837,580
896,813,573,818,574,818,575,818,575,837,580,857,616
1037,818,574,818,575,818,575,837,580,857,616,896,341
1176,818,575,818,575,837,580,857,616,896,341,1037,288
1236,818,575,837,580,857,616,896,341,1037,288,1176,284
1200,837,580,857,616,896,341,1037,288,1176,284,1236,284
689,857,616,896,341,1037,288,1176,284,1236,284,1200,324
701,896,341,1037,288,1176,284,1236,284,1200,324,689,655
701,1037,288,1176,284,1236,284,1200,324,689,655,701,745
639,1176,284,1236,284,1200,324,689,655,701,745,701,745
225,1236,284,1200,324,689,655,701,745,701,745,639,589
205,1200,324,689,655,701,745,701,745,639,589,225,450
205,689,655,701,745,701,745,639,589,225,450,205,509
205,701,745,701,745,639,589,225,450,205,509,205,509
205,701,745,639,589,225,450,205,509,205,509,205,509
653,639,589,225,450,205,509,205,509,205,509,205,509
791,225,450,205,509,205,509,205,509,205,509,653,521
1244,205,509,205,509,205,509,205,509,653,521,791,614
1223,205,509,205,509,205,509,653,521,791,614,1244,330
1222,205,509,205,509,653,521,791,614,1244,330,1223,295
1212,205,509,653,521,791,614,1244,330,1223,295,1222,309
1207,653,521,791,614,1244,330,1223,295,1222,309,1212,317
1215,791,614,1244,330,1223,295,1222,309,1212,317,1207,299
1215,1244,330,1223,295,1222,309,1212,317,1207,299,1215,286
1215,1223,295,1222,309,1212,317,1207,299,1215,286,1215,286
1215,1222,309,1212,317,1207,299,1215,286,1215,286,1215,286
1215,1212,317,1207,299,1215,286,1215,286,1215,286,1215,286
1215,1207,299,1215,286,1215,286,1215,286,1215,286,1215,286
469,1215,286,1215,286,1215,286,1215,286,1215,286,1215,286
266,1215,286,1215,286,1215,286,1215,286,1215,286,469,477
265,1215,286,1215,286,1215,286,1215,286,469,477,266,503
265,1215,286,1215,286,1215,286,469,477,266,503,265,519
265,1215,286,1215,286,469,477,266,503,265,519,265,519
265,1215,286,469,477,266,503,265,519,265,519,265,519
265,469,477,266,503,265,519,265,519,265,519,265,519
265,266,503,265,519,265,519,265,519,265,519,265,519
265,265,519,265,519,265,519,265,519,265,519,265,519
252,265,519,265,519,265,519,265,519,265,519,265,519
314,265,519,265,519,265,519,265,519,265,519,252,329
480,265,519,265,519,265,519,265,519,252,329,314,290
635,265,519,265,519,265,519,252,329,314,290,480,294
715,265,519,265,519,252,329,314,290,480,294,635,289
881,265,519,252,329,314,290,480,294,635,289,715,284
938,252,329,314,290,480,294,635,289,715,284,881,284
973,314,290,480,294,635,289,715,284,881,284,938,287
292,480,294,635,289,715,284,881,284,938,287,973,302
238,635,289,715,284,881,284,938,287,973,302,292,349
339,715,284,881,284,938,287,973,302,292,349,238,313
387,881,284,938,287,973,302,292,349,238,313,339,312
457,938,287,973,302,292,349,238,313,339,312,387,312
484,973,302,292,349,238,313,339,312,387,312,457,312
491,292,349,238,313,339,312,387,312,457,312,484,312
495,238,313,339,312,387,312,457,312,484,312,491,315
495,339,312,387,312,457,312,484,312,491,315,495,319
505,387,312,457,312,484,312,491,315,495,319,495,319
512,457,312,484,312,491,315,495,319,495,319,505,321
530,484,312,491,315,495,319,495,319,505,321,512,321
530,491,315,495,319,495,319,505,321,512,321,530,320
530,495,319,495,319,505,321,512,321,530,320,530,320
530,495,319,505,321,512,321,530,320,530,320,530,320
545,505,321,512,321,530,320,530,320,530,320,530,320
590,512,321,530,320,530,320,530,320,530,320,545,320
639,530,320,530,320,530,320,530,320,545,320,590,318
721,530,320,530,320,530,320,545,320,590,318,639,315
892,530,320,530,320,545,320,590,318,639,315,721,304
1133,530,320,545,320,590,318,639,315,721,304,892,313
665,545,320,590,318,639,315,721,304,892,313,1133,324
401,590,318,639,315,721,304,892,313,1133,324,665,349
236,639,315,721,304,892,313,1133,324,665,349,401,339
307,721,304,892,313,1133,324,665,349,401,339,236,326
494,892,313,1133,324,665,349,401,339,236,326,307,337
578,1133,324,665,349,401,339,236,326,307,337,494,329
578,665,349,401,339,236,326,307,337,494,329,578,487
578,401,339,236,326,307,337,494,329,578,487,578,487
578,236,326,307,337,494,329,578,487,578,487,578,493
578,307,337,494,329,578,487,578,487,578,493,578,493
578,494,329,578,487,578,487,578,493,578,493,578,493
578,578,487,578,487,578,493,578,493,578,493,578,493
578,578,487,578,493,578,493,578,493,578,493,578,493
737,578,493,578,493,578,493,578,493,578,493,578,493
758,578,493,578,493,578,493,578,493,578,493,737,623
766,578,493,578,493,578,493,578,493,737,623,758,737
766,578,493,578,493,578,493,737,623,758,737,766,752
571,578,493,578,493,737,623,758,737,766,752,766,752
1328,578,493,737,623,758,737,766,752,766,752,571,502
1331,737,623,758,737,766,752,766,752,571,502,1328,0
1327,758,737,766,752,766,752,571,502,1328,0,1331,23
728,766,752,766,752,571,502,1328,0,1331,23,1327,24
695,766,752,571,502,1328,0,1331,23,1327,24,728,246
668,571,502,1328,0,1331,23,1327,24,728,246,695,767
405,1328,0,1331,23,1327,24,728,246,695,767,668,751
0,1331,23,1327,24,728,246,695,767,668,751,405,698
84,1327,24,728,246,695,767,668,751,405,698,0,698
32,728,246,695,767,668,751,405,698,0,698,84,760
33,695,767,668,751,405,698,0,698,84,760,32,757
87,668,751,405,698,0,698,84,760,32,757,33,544
175,405,698,0,698,84,760,32,757,33,544,87,368
145,0,698,84,760,32,757,33,544,87,368,175,213
157,84,760,32,757,33,544,87,368,175,213,145,423
222,32,757,33,544,87,368,175,213,145,423,157,564
175,33,544,87,368,175,213,145,423,157,564,222,558
175,87,368,175,213,145,423,157,564,222,558,175,353
175,175,213,145,423,157,564,222,558,175,353,175,353
190,145,423,157,564,222,558,175,353,175,353,175,353
183,157,564,222,558,175,353,175,353,175,353,190,404
149,222,558,175,353,175,353,175,353,190,404,183,412
149,175,353,175,353,175,353,190,404,183,412,149,341
578,175,353,175,353,190,404,183,412,149,341,149,341
809,175,353,190,404,183,412,149,341,149,341,578,249
805,190,404,183,412,149,341,149,341,578,249,809,536
890,183,412,149,341,149,341,578,249,809,536,805,256
890,149,341,149,341,578,249,809,536,805,256,890,343
890,149,341,578,249,809,536,805,256,890,343,890,343
890,578,249,809,536,805,256,890,343,890,343,890,343
890,809,536,805,256,890,343,890,343,890,343,890,343
890,805,256,890,343,890,343,890,343,890,343,890,343
890,890,343,890,343,890,343,890,343,890,343,890,343
890,890,343,890,343,890,343,890,343,890,343,890,343
890,890,343,890,343,890,343,890,343,890,343,890,343
890,890,343,890,343,890,343,890,343,890,343,890,343
890,890,343,890,343,890,343,890,343,890,343,890,343
890,890,343,890,343,890,343,890,343,890,343,890,343
890,890,343,890,343,890,343,890,343,890,343,890,343
890,890,343,890,343,890,343,890,343,890,343,890,343
890,890,343,890,343,890,343,890,343,890,343,890,343
890,890,343,890,343,890,343,890,343,890,343,890,343
890,890,343,890,343,890,343,890,343,890,343,890,343
890,890,343,890,343,890,343,890,343,890,343,890,343
890,890,343,890,343,890,343,890,343,890,343,890,343
890,890,343,890,343,890,343,890,343,890,343,890,343
890,890,343,890,343,890,343,890,343,890,343,890,343
890,890,343,890,343,890,343,890,343,890,343,890,343
890,890,343,890,343,890,343,890,343,890,343,890,343
890,890,343,890,343,890,343,890,343,890,343,890,343
890,890,343,890,343,890,343,890,343,890,343,890,343
890,890,343,890,343,890,343,890,343,890,343,890,343
890,890,343,890,343,890,343,890,343,890,343,890,343
890,890,343,890,343,890,343,890,343,890,343,890,343
890,890,343,890,343,890,343,890,343,890,343,890,343
890,890,343,890,343,890,343,890,343,890,343,890,343
890,890,343,890,343,890,343,890,343,890,343,890,343
890,890,343,890,343,890,343,890,343,890,343,890,343
890,890,343,890,343,890,343,890,343,890,343,890,343
890,890,343,890,343,890,343,890,343,890,343,890,343
891,890,343,890,343,890,343,890,343,890,343,890,343
620,890,343,890,343,890,343,890,343,890,343,891,343
1068,890,343,890,343,890,343,890,343,891,343,620,57
1085,890,343,890,343,890,343,891,343,620,57,1068,42
1086,890,343,890,343,891,343,620,57,1068,42,1085,32
809,890,343,891,343,620,57,1068,42,1085,32,1086,32
742,891,343,620,57,1068,42,1085,32,1086,32,809,335
546,620,57,1068,42,1085,32,1086,32,809,335,742,337
357,1068,42,1085,32,1086,32,809,335,742,337,546,293
805,1085,32,1086,32,809,335,742,337,546,293,357,289
702,1086,32,809,335,742,337,546,293,357,289,805,737
699,809,335,742,337,546,293,357,289,805,737,702,767
267,742,337,546,293,357,289,805,737,702,767,699,746
163,546,293,357,289,805,737,702,767,699,746,267,438
49,357,289,805,737,702,767,699,746,267,438,163,480
159,805,737,702,767,699,746,267,438,163,480,49,411
159,702,767,699,746,267,438,163,480,49,411,159,376
150,699,746,267,438,163,480,49,411,159,376,159,376
751,267,438,163,480,49,411,159,376,159,376,150,379
925,163,480,49,411,159,376,159,376,150,379,751,148
925,49,411,159,376,159,376,150,379,751,148,925,80
925,159,376,159,376,150,379,751,148,925,80,925,75
722,159,376,150,379,751,148,925,80,925,75,925,75
19,150,379,751,148,925,80,925,75,925,75,722,212
231,751,148,925,80,925,75,925,75,722,212,19,300
254,925,80,925,75,925,75,722,212,19,300,231,205
251,925,75,925,75,722,212,19,300,231,205,254,186
251,925,75,722,212,19,300,231,205,254,186,251,186
248,722,212,19,300,231,205,254,186,251,186,251,186
394,19,300,231,205,254,186,251,186,251,186,248,199
325,231,205,254,186,251,186,251,186,248,199,394,183
335,254,186,251,186,251,186,248,199,394,183,325,239
742,251,186,251,186,248,199,394,183,325,239,335,339
742,251,186,248,199,394,183,325,239,335,339,742,354
570,248,199,394,183,325,239,335,339,742,354,742,354
470,394,183,325,239,335,339,742,354,742,354,570,359
470,325,239,335,339,742,354,742,354,570,359,470,414
861,335,339,742,354,742,354,570,359,470,414,470,416
1325,742,354,742,354,570,359,470,414,470,416,861,384
1363,742,354,570,359,470,414,470,416,861,384,1325,285
1363,570,359,470,414,470,416,861,384,1325,285,1363,252
1363,470,414,470,416,861,384,1325,285,1363,252,1363,252
1363,470,416,861,384,1325,285,1363,252,1363,252,1363,252
1361,861,384,1325,285,1363,252,1363,252,1363,252,1363,252
1361,1325,285,1363,252,1363,252,1363,252,1363,252,1361,258
1361,1363,252,1363,252,1363,252,1363,252,1361,258,1361,265
1361,1363,252,1363,252,1363,252,1361,258,1361,265,1361,273
1365,1363,252,1363,252,1361,258,1361,265,1361,273,1361,280
1365,1363,252,1361,258,1361,265,1361,273,1361,280,1365,287
1365,1361,258,1361,265,1361,273,1361,280,1365,287,1365,297
1365,1361,265,1361,273,1361,280,1365,287,1365,297,1365,308
1365,1361,273,1361,280,1365,287,1365,297,1365,308,1365,312
1365,1361,280,1365,287,1365,297,1365,308,1365,312,1365,320
1365,1365,287,1365,297,1365,308,1365,312,1365,320,1365,321
1365,1365,297,1365,308,1365,312,1365,320,1365,321,1365,323
1365,1365,308,1365,312,1365,320,1365,321,1365,323,1365,326
1365,1365,312,1365,320,1365,321,1365,323,1365,326,1365,329
1365,1365,320,1365,321,1365,323,1365,326,1365,329,1365,330
1365,1365,321,1365,323,1365,326,1365,329,1365,330,1365,330
1365,1365,323,1365,326,1365,329,1365,330,1365,330,1365,338
1365,1365,326,1365,329,1365,330,1365,330,1365,338,1365,349
1365,1365,329,1365,330,1365,330,1365,338,1365,349,1365,355
1365,1365,330,1365,330,1365,338,1365,349,1365,355,1365,358
1365,1365,330,1365,338,1365,349,1365,355,1365,358,1365,368
1365,1365,338,1365,349,1365,355,1365,358,1365,368,1365,372
1365,1365,349,1365,355,1365,358,1365,368,1365,372,1365,380
1363,1365,355,1365,358,1365,368,1365,372,1365,380,1365,389
1363,1365,358,1365,368,1365,372,1365,380,1365,389,1363,396
1363,1365,368,1365,372,1365,380,1365,389,1363,396,1363,396
1365,1365,372,1365,380,1365,389,1363,396,1363,396,1363,397
1365,1365,380,1365,389,1363,396,1363,396,1363,397,1365,408
1365,1365,389,1363,396,1363,396,1363,397,1365,408,1365,417
1365,1363,396,1363,396,1363,397,1365,408,1365,417,1365,417
1365,1363,396,1363,397,1365,408,1365,417,1365,417,1365,421
1365,1363,397,1365,408,1365,417,1365,417,1365,421,1365,427
1365,1365,408,1365,417,1365,417,1365,421,1365,427,1365,437
1365,1365,417,1365,417,1365,421,1365,427,1365,437,1365,437
1365,1365,417,1365,421,1365,427,1365,437,1365,437,1365,440
1365,1365,421,1365,427,1365,437,1365,437,1365,440,1365,447
1365,1365,427,1365,437,1365,437,1365,440,1365,447,1365,454
1365,1365,437,1365,437,1365,440,1365,447,1365,454,1365,455
1365,1365,437,1365,440,1365,447,1365,454,1365,455,1365,459
1365,1365,440,1365,447,1365,454,1365,455,1365,459,1365,470
1365,1365,447,1365,454,1365,455,1365,459,1365,470,1365,479
1365,1365,454,1365,455,1365,459,1365,470,1365,479,1365,480
1365,1365,455,1365,459,1365,470,1365,479,1365,480,1365,488
1365,1365,459,1365,470,1365,479,1365,480,1365,488,1365,498
1365,1365,470,1365,479,1365,480,1365,488,1365,498,1365,509
1360,1365,479,1365,480,1365,488,1365,498,1365,509,1365,514
1358,1365,480,1365,488,1365,498,1365,509,1365,514,1360,521
1357,1365,488,1365,498,1365,509,1365,514,1360,521,1358,526
1357,1365,498,1365,509,1365,514,1360,521,1358,526,1357,530
1256,1365,509,1365,514,1360,521,1358,526,1357,530,1357,532
1256,1365,514,1360,521,1358,526,1357,530,1357,532,1256,459
1309,1360,521,1358,526,1357,530,1357,532,1256,459,1256,459
1309,1358,526,1357,530,1357,532,1256,459,1256,459,1309,521
1309,1357,530,1357,532,1256,459,1256,459,1309,521,1309,521
1309,1357,532,1256,459,1256,459,1309,521,1309,521,1309,521
1265,1256,459,1256,459,1309,521,1309,521,1309,521,1309,521
1274,1256,459,1309,521,1309,521,1309,521,1309,521,1265,531
1365,1309,521,1309,521,1309,521,1309,521,1265,531,1274,519
1360,1309,521,1309,521,1309,521,1265,531,1274,519,1365,494
1363,1309,521,1309,521,1265,531,1274,519,1365,494,1360,494
1363,1309,521,1265,531,1274,519,1365,494,1360,494,1363,500
1363,1265,531,1274,519,1365,494,1360,494,1363,500,1363,507
1363,1274,519,1365,494,1360,494,1363,500,1363,507,1363,514
1363,1365,494,1360,494,1363,500,1363,507,1363,514,1363,522
1363,1360,494,1363,500,1363,507,1363,514,1363,522,1363,532
1363,1363,500,1363,507,1363,514,1363,522,1363,532,1363,538
1363,1363,507,1363,514,1363,522,1363,532,1363,538,1363,543
1365,1363,514,1363,522,1363,532,1363,538,1363,543,1363,551
1350,1363,522,1363,532,1363,538,1363,543,1363,551,1365,486
1349,1363,532,1363,538,1363,543,1363,551,1365,486,1350,382
1359,1363,538,1363,543,1363,551,1365,486,1350,382,1349,353
1359,1363,543,1363,551,1365,486,1350,382,1349,353,1359,342
1361,1363,551,1365,486,1350,382,1349,353,1359,342,1359,342
1361,1365,486,1350,382,1349,353,1359,342,1359,342,1361,353
1362,1350,382,1349,353,1359,342,1359,342,1361,353,1361,356
1363,1349,353,1359,342,1359,342,1361,353,1361,356,1362,362
1364,1359,342,1359,342,1361,353,1361,356,1362,362,1363,366
1365,1359,342,1361,353,1361,356,1362,362,1363,366,1364,369
1365,1361,353,1361,356,1362,362,1363,366,1364,369,1365,379
1365,1361,356,1362,362,1363,366,1364,369,1365,379,1365,379
1365,1362,362,1363,366,1364,369,1365,379,1365,379,1365,379
1365,1363,366,1364,369,1365,379,1365,379,1365,379,1365,381
1365,1364,369,1365,379,1365,379,1365,379,1365,381,1365,383
1365,1365,379,1365,379,1365,379,1365,381,1365,383,1365,383
1365,1365,379,1365,379,1365,381,1365,383,1365,383,1365,383
1365,1365,379,1365,381,1365,383,1365,383,1365,383,1365,383
1365,1365,381,1365,383,1365,383,1365,383,1365,383,1365,383
1365,1365,383,1365,383,1365,383,1365,383,1365,383,1365,388
1365,1365,383,1365,383,1365,383,1365,383,1365,388,1365,390
1365,1365,383,1365,383,1365,383,1365,388,1365,390,1365,398
1365,1365,383,1365,383,1365,388,1365,390,1365,398,1365,402
1365,1365,383,1365,388,1365,390,1365,398,1365,402,1365,405
1365,1365,388,1365,390,1365,398,1365,402,1365,405,1365,407
1365,1365,390,1365,398,1365,402,1365,405,1365,407,1365,407
1365,1365,398,1365,402,1365,405,1365,407,1365,407,1365,407
1365,1365,402,1365,405,1365,407,1365,407,1365,407,1365,409
1365,1365,405,1365,407,1365,407,1365,407,1365,409,1365,415
1365,1365,407,1365,407,1365,407,1365,409,1365,415,1365,421
1365,1365,407,1365,407,1365,409,1365,415,1365,421,1365,423
1365,1365,407,1365,409,1365,415,1365,421,1365,423,1365,429
1365,1365,409,1365,415,1365,421,1365,423,1365,429,1365,434
1365,1365,415,1365,421,1365,423,1365,429,1365,434,1365,438
1365,1365,421,1365,423,1365,429,1365,434,1365,438,1365,442
1365,1365,423,1365,429,1365,434,1365,438,1365,442,1365,448
1365,1365,429,1365,434,1365,438,1365,442,1365,448,1365,453
1365,1365,434,1365,438,1365,442,1365,448,1365,453,1365,458
1365,1365,438,1365,442,1365,448,1365,453,1365,458,1365,464
1365,1365,442,1365,448,1365,453,1365,458,1365,464,1365,469
1365,1365,448,1365,453,1365,458,1365,464,1365,469,1365,475
1365,1365,453,1365,458,1365,464,1365,469,1365,475,1365,483
1365,1365,458,1365,464,1365,469,1365,475,1365,483,1365,490
1365,1365,464,1365,469,1365,475,1365,483,1365,490,1365,495
1365,1365,469,1365,475,1365,483,1365,490,1365,495,1365,503
1365,1365,475,1365,483,1365,490,1365,495,1365,503,1365,506
1365,1365,483,1365,490,1365,495,1365,503,1365,506,1365,506
1365,1365,490,1365,495,1365,503,1365,506,1365,506,1365,506
1365,1365,495,1365,503,1365,506,1365,506,1365,506,1365,510
1365,1365,503,1365,506,1365,506,1365,506,1365,510,1365,514
1365,1365,506,1365,506,1365,506,1365,510,1365,514,1365,520
1365,1365,506,1365,506,1365,510,1365,514,1365,520,1365,520
1365,1365,506,1365,510,1365,514,1365,520,1365,520,1365,520
1365,1365,510,1365,514,1365,520,1365,520,1365,520,1365,521
1365,1365,514,1365,520,1365,520,1365,520,1365,521,1365,528
1365,1365,520,1365,520,1365,520,1365,521,1365,528,1365,535
1365,1365,520,1365,520,1365,521,1365,528,1365,535,1365,545
1365,1365,520,1365,521,1365,528,1365,535,1365,545,1365,562
1365,1365,521,1365,528,1365,535,1365,545,1365,562,1365,574
1365,1365,528,1365,535,1365,545,1365,562,1365,574,1365,578
1365,1365,535,1365,545,1365,562,1365,574,1365,578,1365,578
1365,1365,545,1365,562,1365,574,1365,578,1365,578,1365,583
1365,1365,562,1365,574,1365,578,1365,578,1365,583,1365,586
1365,1365,574,1365,578,1365,578,1365,583,1365,586,1365,595
1361,1365,578,1365,578,1365,583,1365,586,1365,595,1365,605
1359,1365,578,1365,583,1365,586,1365,595,1365,605,1361,613
1359,1365,583,1365,586,1365,595,1365,605,1361,613,1359,620
1359,1365,586,1365,595,1365,605,1361,613,1359,620,1359,626
1359,1365,595,1365,605,1361,613,1359,620,1359,626,1359,634
1359,1365,605,1361,613,1359,620,1359,626,1359,634,1359,635
1359,1361,613,1359,620,1359,626,1359,634,1359,635,1359,640
1359,1359,620,1359,626,1359,634,1359,635,1359,640,1359,640
1365,1359,626,1359,634,1359,635,1359,640,1359,640,1359,631
1360,1359,634,1359,635,1359,640,1359,640,1359,631,1365,558
1354,1359,635,1359,640,1359,640,1359,631,1365,558,1360,508
1354,1359,640,1359,640,1359,631,1365,558,1360,508,1354,484
1354,1359,640,1359,631,1365,558,1360,508,1354,484,1354,492
1356,1359,631,1365,558,1360,508,1354,484,1354,492,1354,500
1356,1365,558,1360,508,1354,484,1354,492,1354,500,1356,506
1357,1360,508,1354,484,1354,492,1354,500,1356,506,1356,506
1358,1354,484,1354,492,1354,500,1356,506,1356,506,1357,509
1358,1354,492,1354,500,1356,506,1356,506,1357,509,1358,513
1358,1354,500,1356,506,1356,506,1357,509,1358,513,1358,513
1359,1356,506,1356,506,1357,509,1358,513,1358,513,1358,517
1360,1356,506,1357,509,1358,513,1358,513,1358,517,1359,521
1360,1357,509,1358,513,1358,513,1358,517,1359,521,1360,522
1360,1358,513,1358,513,1358,517,1359,521,1360,522,1360,522
1360,1358,513,1358,517,1359,521,1360,522,1360,522,1360,522
1361,1358,517,1359,521,1360,522,1360,522,1360,522,1360,523
1362,1359,521,1360,522,1360,522,1360,522,1360,523,1361,525
1362,1360,522,1360,522,1360,522,1360,523,1361,525,1362,527
1362,1360,522,1360,522,1360,523,1361,525,1362,527,1362,528
1363,1360,522,1360,523,1361,525,1362,527,1362,528,1362,528
1365,1360,523,1361,525,1362,527,1362,528,1362,528,1363,535
1365,1361,525,1362,527,1362,528,1362,528,1363,535,1365,542
1359,1362,527,1362,528,1362,528,1363,535,1365,542,1365,546
1358,1362,528,1362,528,1363,535,1365,542,1365,546,1359,552
1356,1362,528,1363,535,1365,542,1365,546,1359,552,1358,554
1356,1363,535,1365,542,1365,546,1359,552,1358,554,1356,557
1358,1365,542,1365,546,1359,552,1358,554,1356,557,1356,561
1358,1365,546,1359,552,1358,554,1356,557,1356,561,1358,568
1358,1359,552,1358,554,1356,557,1356,561,1358,568,1358,570
1358,1358,554,1356,557,1356,561,1358,568,1358,570,1358,572
1358,1356,557,1356,561,1358,568,1358,570,1358,572,1358,572
1358,1356,561,1358,568,1358,570,1358,572,1358,572,1358,578
1360,1358,568,1358,570,1358,572,1358,572,1358,578,1358,579
1360,1358,570,1358,572,1358,572,1358,578,1358,579,1360,582
1360,1358,572,1358,572,1358,578,1358,579,1360,582,1360,585
1360,1358,572,1358,578,1358,579,1360,582,1360,585,1360,587
1360,1358,578,1358,579,1360,582,1360,585,1360,587,1360,593
1360,1358,579,1360,582,1360,585,1360,587,1360,593,1360,595
1360,1360,582,1360,585,1360,587,1360,593,1360,595,1360,601
1360,1360,585,1360,587,1360,593,1360,595,1360,601,1360,601
1360,1360,587,1360,593,1360,595,1360,601,1360,601,1360,604
1360,1360,593,1360,595,1360,601,1360,601,1360,604,1360,606
1361,1360,595,1360,601,1360,601,1360,604,1360,606,1360,607
1362,1360,601,1360,601,1360,604,1360,606,1360,607,1361,615
1362,1360,601,1360,604,1360,606,1360,607,1361,615,1362,618
1362,1360,604,1360,606,1360,607,1361,615,1362,618,1362,619
1362,1360,606,1360,607,1361,615,1362,618,1362,619,1362,622
1363,1360,607,1361,615,1362,618,1362,619,1362,622,1362,628
1363,1361,615,1362,618,1362,619,1362,622,1362,628,1363,635
1363,1362,618,1362,619,1362,622,1362,628,1363,635,1363,640
1363,1362,619,1362,622,1362,628,1363,635,1363,640,1363,641
1363,1362,622,1362,628,1363,635,1363,640,1363,641,1363,651
1363,1362,628,1363,635,1363,640,1363,641,1363,651,1363,657
1363,1363,635,1363,640,1363,641,1363,651,1363,657,1363,660
1364,1363,640,1363,641,1363,651,1363,657,1363,660,1363,662
1364,1363,641,1363,651,1363,657,1363,660,1363,662,1364,668
1364,1363,651,1363,657,1363,660,1363,662,1364,668,1364,668
1365,1363,657,1363,660,1363,662,1364,668,1364,668,1364,673
1365,1363,660,1363,662,1364,668,1364,668,1364,673,1365,674
1365,1363,662,1364,668,1364,668,1364,673,1365,674,1365,679
1365,1364,668,1364,668,1364,673,1365,674,1365,679,1365,679
